t_us,gap_us,sync,len,type,is_extended,ext_dest,ext_src,crc_rx,crc_calc,crc_ok,hex
578328799,,0xEE,0x18,0x16,0,,,0xE4,0xE4,1,ee 18 16 e0 c3 5e 2b b2 d7 8a 56 b4 02 7c e0 03 1f f8 c0 07 3e f0 81 0f 7c e4
578328934,135,0xEE,0x18,0x16,0,,,0xE4,0xE4,1,ee 18 16 e0 c3 5e 2b b2 d7 8a 56 b4 02 7c e0 03 1f f8 c0 07 3e f0 81 0f 7c e4
578328985,51,0xEE,0x18,0x16,0,,,0x66,0x66,1,ee 18 16 df c3 5e 2b b2 d7 8a 56 b4 02 7c e0 03 1f f8 c0 07 3e f0 81 0f 7c 66
578329028,43,0xEE,0x18,0x16,0,,,0xE4,0xE4,1,ee 18 16 e0 c3 5e 2b b2 d7 8a 56 b4 02 7c e0 03 1f f8 c0 07 3e f0 81 0f 7c e4
578329068,40,0xEE,0x18,0x16,0,,,0x98,0x98,1,ee 18 16 e0 c3 5e 2b b0 d7 8a 56 b4 02 7c e0 03 1f f8 c0 07 3e f0 81 0f 7c 98
578329110,42,0xEE,0x18,0x16,0,,,0xC9,0xC9,1,ee 18 16 e0 d3 5e 2b b0 d7 8a 56 b4 02 7c e0 03 1f f8 c0 07 3e f0 81 0f 7c c9
578429265,100155,0xEE,0x18,0x16,0,,,0xE4,0xE4,1,ee 18 16 e0 c3 5e 2b b2 d7 8a 56 b4 02 7c e0 03 1f f8 c0 07 3e f0 81 0f 7c e4
578429370,105,0xEE,0x18,0x16,0,,,0xE4,0xE4,1,ee 18 16 e0 c3 5e 2b b2 d7 8a 56 b4 02 7c e0 03 1f f8 c0 07 3e f0 81 0f 7c e4
578429416,46,0xEE,0x18,0x16,0,,,0xE4,0xE4,1,ee 18 16 e0 c3 5e 2b b2 d7 8a 56 b4 02 7c e0 03 1f f8 c0 07 3e f0 81 0f 7c e4
578429458,42,0xEE,0x18,0x16,0,,,0xE4,0xE4,1,ee 18 16 e0 c3 5e 2b b2 d7 8a 56 b4 02 7c e0 03 1f f8 c0 07 3e f0 81 0f 7c e4
578529602,100144,0xEE,0x10,0x00,0,,,0x2B,0x75,0,ee 10 00 03 0d 40 00 00 01 d6 3f ee 18 16 e0 c3 5e 2b
578529696,94,0xEE,0x18,0x16,0,,,0xE4,0xE4,1,ee 18 16 e0 c3 5e 2b b2 d7 8a 56 b4 02 7c e0 03 1f f8 c0 07 3e f0 81 0f 7c e4
578529745,49,0xEE,0x18,0x16,0,,,0x98,0x98,1,ee 18 16 e0 c3 5e 2b b0 d7 8a 56 b4 02 7c e0 03 1f f8 c0 07 3e f0 81 0f 7c 98
578529787,42,0xEE,0x18,0x16,0,,,0x1A,0x1A,1,ee 18 16 df c3 5e 2b b0 d7 8a 56 b4 02 7c e0 03 1f f8 c0 07 3e f0 81 0f 7c 1a
578529830,43,0xEE,0x18,0x16,0,,,0xE4,0xE4,1,ee 18 16 e0 c3 5e 2b b2 d7 8a 56 b4 02 7c e0 03 1f f8 c0 07 3e f0 81 0f 7c e4
578629960,100130,0xEE,0x18,0x16,0,,,0xE4,0xE4,1,ee 18 16 e0 c3 5e 2b b2 d7 8a 56 b4 02 7c e0 03 1f f8 c0 07 3e f0 81 0f 7c e4
578630066,106,0xEE,0x18,0x16,0,,,0x98,0x98,1,ee 18 16 e0 c3 5e 2b b0 d7 8a 56 b4 02 7c e0 03 1f f8 c0 07 3e f0 81 0f 7c 98
578630113,47,0xEE,0x18,0x16,0,,,0xE4,0xE4,1,ee 18 16 e0 c3 5e 2b b2 d7 8a 56 b4 02 7c e0 03 1f f8 c0 07 3e f0 81 0f 7c e4
578630157,44,0xEE,0x18,0x16,0,,,0xE4,0xE4,1,ee 18 16 e0 c3 5e 2b b2 d7 8a 56 b4 02 7c e0 03 1f f8 c0 07 3e f0 81 0f 7c e4
578630200,43,0xEE,0x18,0x16,0,,,0xE4,0xE4,1,ee 18 16 e0 c3 5e 2b b2 d7 8a 56 b4 02 7c e0 03 1f f8 c0 07 3e f0 81 0f 7c e4
578630243,43,0xEE,0x10,0x00,0,,,0x2B,0x75,0,ee 10 00 03 0d 40 ff ff ff ec 4c ee 18 16 e0 c3 5e 2b
578730406,100163,0xEE,0x18,0x16,0,,,0xB5,0xB5,1,ee 18 16 e0 d3 5e 2b b2 d7 8a 56 b4 02 7c e0 03 1f f8 c0 07 3e f0 81 0f 7c b5
578730509,103,0xEE,0x18,0x16,0,,,0x60,0x60,1,ee 18 16 e0 c3 5e 2b b4 d7 8a 56 b4 02 7c e0 03 1f f8 c0 07 3e f0 81 0f 7c 60
578730552,43,0xEE,0x18,0x16,0,,,0xE4,0xE4,1,ee 18 16 e0 c3 5e 2b b2 d7 8a 56 b4 02 7c e0 03 1f f8 c0 07 3e f0 81 0f 7c e4
578730591,39,0xEE,0x18,0x16,0,,,0xE4,0xE4,1,ee 18 16 e0 c3 5e 2b b2 d7 8a 56 b4 02 7c e0 03 1f f8 c0 07 3e f0 81 0f 7c e4
578730631,40,0xEE,0x18,0x16,0,,,0x60,0x60,1,ee 18 16 e0 c3 5e 2b b4 d7 8a 56 b4 02 7c e0 03 1f f8 c0 07 3e f0 81 0f 7c 60
578830770,100139,0xEE,0x18,0x16,0,,,0xE4,0xE4,1,ee 18 16 e0 c3 5e 2b b2 d7 8a 56 b4 02 7c e0 03 1f f8 c0 07 3e f0 81 0f 7c e4
578830863,93,0xEE,0x18,0x16,0,,,0xE4,0xE4,1,ee 18 16 e0 c3 5e 2b b2 d7 8a 56 b4 02 7c e0 03 1f f8 c0 07 3e f0 81 0f 7c e4
578830899,36,0xEE,0x18,0x16,0,,,0xE4,0xE4,1,ee 18 16 e0 c3 5e 2b b2 d7 8a 56 b4 02 7c e0 03 1f f8 c0 07 3e f0 81 0f 7c e4
578830931,32,0xEE,0x18,0x16,0,,,0xB5,0xB5,1,ee 18 16 e0 d3 5e 2b b2 d7 8a 56 b4 02 7c e0 03 1f f8 c0 07 3e f0 81 0f 7c b5
578931047,100116,0xEE,0x10,0x00,0,,,0x2B,0x9B,0,ee 10 00 03 0d 40 00 00 00 dc 62 ee 18 16 df c3 5e 2b
578931130,83,0xEE,0x18,0x16,0,,,0xE4,0xE4,1,ee 18 16 e0 c3 5e 2b b2 d7 8a 56 b4 02 7c e0 03 1f f8 c0 07 3e f0 81 0f 7c e4
578931167,37,0xEE,0x18,0x16,0,,,0x1A,0x1A,1,ee 18 16 df c3 5e 2b b0 d7 8a 56 b4 02 7c e0 03 1f f8 c0 07 3e f0 81 0f 7c 1a
578931200,33,0xEE,0x18,0x16,0,,,0xE4,0xE4,1,ee 18 16 e0 c3 5e 2b b2 d7 8a 56 b4 02 7c e0 03 1f f8 c0 07 3e f0 81 0f 7c e4
578931235,35,0xEE,0x18,0x16,0,,,0xE4,0xE4,1,ee 18 16 e0 c3 5e 2b b2 d7 8a 56 b4 02 7c e0 03 1f f8 c0 07 3e f0 81 0f 7c e4
578931266,31,0xEE,0x18,0x16,0,,,0xE4,0xE4,1,ee 18 16 e0 c3 5e 2b b2 d7 8a 56 b4 02 7c e0 03 1f f8 c0 07 3e f0 81 0f 7c e4
579031396,100130,0xEE,0x18,0x16,0,,,0xE4,0xE4,1,ee 18 16 e0 c3 5e 2b b2 d7 8a 56 b4 02 7c e0 03 1f f8 c0 07 3e f0 81 0f 7c e4
579031491,95,0xEE,0x18,0x16,0,,,0x60,0x60,1,ee 18 16 e0 c3 5e 2b b4 d7 8a 56 b4 02 7c e0 03 1f f8 c0 07 3e f0 81 0f 7c 60
579031528,37,0xEE,0x18,0x16,0,,,0xE4,0xE4,1,ee 18 16 e0 c3 5e 2b b2 d7 8a 56 b4 02 7c e0 03 1f f8 c0 07 3e f0 81 0f 7c e4
579031561,33,0xEE,0x18,0x16,0,,,0x98,0x98,1,ee 18 16 e0 c3 5e 2b b0 d7 8a 56 b4 02 7c e0 03 1f f8 c0 07 3e f0 81 0f 7c 98
579031593,32,0xEE,0x10,0x00,0,,,0x2B,0x75,0,ee 10 00 03 0d 40 00 00 00 8c ad ee 18 16 e0 c3 5e 2b
579131710,100117,0xEE,0x18,0x16,0,,,0xE4,0xE4,1,ee 18 16 e0 c3 5e 2b b2 d7 8a 56 b4 02 7c e0 03 1f f8 c0 07 3e f0 81 0f 7c e4
579131800,90,0xEE,0x18,0x16,0,,,0xE4,0xE4,1,ee 18 16 e0 c3 5e 2b b2 d7 8a 56 b4 02 7c e0 03 1f f8 c0 07 3e f0 81 0f 7c e4
579131835,35,0xEE,0x18,0x16,0,,,0xE4,0xE4,1,ee 18 16 e0 c3 5e 2b b2 d7 8a 56 b4 02 7c e0 03 1f f8 c0 07 3e f0 81 0f 7c e4
579131867,32,0xEE,0x18,0x16,0,,,0xE4,0xE4,1,ee 18 16 e0 c3 5e 2b b2 d7 8a 56 b4 02 7c e0 03 1f f8 c0 07 3e f0 81 0f 7c e4
579131898,31,0xEE,0x18,0x16,0,,,0xE4,0xE4,1,ee 18 16 e0 c3 5e 2b b2 d7 8a 56 b4 02 7c e0 03 1f f8 c0 07 3e f0 81 0f 7c e4
579232040,100142,0xEE,0x18,0x16,0,,,0x98,0x98,1,ee 18 16 e0 c3 5e 2b b0 d7 8a 56 b4 02 7c e0 03 1f f8 c0 07 3e f0 81 0f 7c 98
579232132,92,0xEE,0x18,0x16,0,,,0x73,0x73,1,ee 18 16 e0 c3 5e 2b ae d7 8a 56 b4 02 7c e0 03 1f f8 c0 07 3e f0 81 0f 7c 73
579232166,34,0xEE,0x18,0x16,0,,,0xB5,0xB5,1,ee 18 16 e0 d3 5e 2b b2 d7 8a 56 b4 02 7c e0 03 1f f8 c0 07 3e f0 81 0f 7c b5
579232199,33,0xEE,0x18,0x16,0,,,0x98,0x98,1,ee 18 16 e0 c3 5e 2b b0 d7 8a 56 b4 02 7c e0 03 1f f8 c0 07 3e f0 81 0f 7c 98
579332315,100116,0xEE,0x10,0x00,0,,,0x2B,0x75,0,ee 10 00 03 0d 40 00 00 00 46 89 ee 18 16 e0 c3 5e 2b
579332396,81,0xEE,0x18,0x16,0,,,0xE4,0xE4,1,ee 18 16 e0 c3 5e 2b b2 d7 8a 56 b4 02 7c e0 03 1f f8 c0 07 3e f0 81 0f 7c e4
579332432,36,0xEE,0x18,0x16,0,,,0xE4,0xE4,1,ee 18 16 e0 c3 5e 2b b2 d7 8a 56 b4 02 7c e0 03 1f f8 c0 07 3e f0 81 0f 7c e4
579332463,31,0xEE,0x18,0x16,0,,,0xE4,0xE4,1,ee 18 16 e0 c3 5e 2b b2 d7 8a 56 b4 02 7c e0 03 1f f8 c0 07 3e f0 81 0f 7c e4
579332495,32,0xEE,0x18,0x16,0,,,0x66,0x66,1,ee 18 16 df c3 5e 2b b2 d7 8a 56 b4 02 7c e0 03 1f f8 c0 07 3e f0 81 0f 7c 66
579332526,31,0xEE,0x18,0x16,0,,,0xB5,0xB5,1,ee 18 16 e0 d3 5e 2b b2 d7 8a 56 b4 02 7c e0 03 1f f8 c0 07 3e f0 81 0f 7c b5
579432661,100135,0xEE,0x18,0x16,0,,,0xE4,0xE4,1,ee 18 16 e0 c3 5e 2b b2 d7 8a 56 b4 02 7c e0 03 1f f8 c0 07 3e f0 81 0f 7c e4
579432751,90,0xEE,0x18,0x16,0,,,0x60,0x60,1,ee 18 16 e0 c3 5e 2b b4 d7 8a 56 b4 02 7c e0 03 1f f8 c0 07 3e f0 81 0f 7c 60
579432790,39,0xEE,0x18,0x16,0,,,0xE4,0xE4,1,ee 18 16 e0 c3 5e 2b b2 d7 8a 56 b4 02 7c e0 03 1f f8 c0 07 3e f0 81 0f 7c e4
579432822,32,0xEE,0x18,0x16,0,,,0xE4,0xE4,1,ee 18 16 e0 c3 5e 2b b2 d7 8a 56 b4 02 7c e0 03 1f f8 c0 07 3e f0 81 0f 7c e4
579432853,31,0xEE,0x10,0x00,0,,,0x2B,0xC5,0,ee 10 00 03 0d 40 00 00 00 14 39 ee 18 16 e0 d3 5e 2b
579532963,100110,0xEE,0x18,0x16,0,,,0xE4,0xE4,1,ee 18 16 e0 c3 5e 2b b2 d7 8a 56 b4 02 7c e0 03 1f f8 c0 07 3e f0 81 0f 7c e4
579533053,90,0xEE,0x18,0x16,0,,,0x98,0x98,1,ee 18 16 e0 c3 5e 2b b0 d7 8a 56 b4 02 7c e0 03 1f f8 c0 07 3e f0 81 0f 7c 98
579533088,35,0xEE,0x18,0x16,0,,,0xE4,0xE4,1,ee 18 16 e0 c3 5e 2b b2 d7 8a 56 b4 02 7c e0 03 1f f8 c0 07 3e f0 81 0f 7c e4
579533120,32,0xEE,0x18,0x16,0,,,0xE4,0xE4,1,ee 18 16 e0 c3 5e 2b b2 d7 8a 56 b4 02 7c e0 03 1f f8 c0 07 3e f0 81 0f 7c e4
579533151,31,0xEE,0x18,0x16,0,,,0xE4,0xE4,1,ee 18 16 e0 c3 5e 2b b2 d7 8a 56 b4 02 7c e0 03 1f f8 c0 07 3e f0 81 0f 7c e4
579633285,100134,0xEE,0x18,0x16,0,,,0x60,0x60,1,ee 18 16 e0 c3 5e 2b b4 d7 8a 56 b4 02 7c e0 03 1f f8 c0 07 3e f0 81 0f 7c 60
579633377,92,0xEE,0x18,0x16,0,,,0xE4,0xE4,1,ee 18 16 e0 c3 5e 2b b2 d7 8a 56 b4 02 7c e0 03 1f f8 c0 07 3e f0 81 0f 7c e4
579633412,35,0xEE,0x18,0x16,0,,,0xC9,0xC9,1,ee 18 16 e0 d3 5e 2b b0 d7 8a 56 b4 02 7c e0 03 1f f8 c0 07 3e f0 81 0f 7c c9
579633444,32,0xEE,0x18,0x16,0,,,0xE4,0xE4,1,ee 18 16 e0 c3 5e 2b b2 d7 8a 56 b4 02 7c e0 03 1f f8 c0 07 3e f0 81 0f 7c e4
579733558,100114,0xEE,0x10,0x00,0,,,0x2B,0x75,0,ee 10 00 03 0d 40 00 00 01 04 60 ee 18 16 e0 c3 5e 2b
579733638,80,0xEE,0x18,0x16,0,,,0xE4,0xE4,1,ee 18 16 e0 c3 5e 2b b2 d7 8a 56 b4 02 7c e0 03 1f f8 c0 07 3e f0 81 0f 7c e4
579733674,36,0xEE,0x18,0x16,0,,,0xE4,0xE4,1,ee 18 16 e0 c3 5e 2b b2 d7 8a 56 b4 02 7c e0 03 1f f8 c0 07 3e f0 81 0f 7c e4
579733706,32,0xEE,0x18,0x16,0,,,0xE4,0xE4,1,ee 18 16 e0 c3 5e 2b b2 d7 8a 56 b4 02 7c e0 03 1f f8 c0 07 3e f0 81 0f 7c e4
579733736,30,0xEE,0x18,0x16,0,,,0xE4,0xE4,1,ee 18 16 e0 c3 5e 2b b2 d7 8a 56 b4 02 7c e0 03 1f f8 c0 07 3e f0 81 0f 7c e4
579733767,31,0xEE,0x18,0x16,0,,,0xE4,0xE4,1,ee 18 16 e0 c3 5e 2b b2 d7 8a 56 b4 02 7c e0 03 1f f8 c0 07 3e f0 81 0f 7c e4
579833909,100142,0xEE,0x18,0x16,0,,,0xE4,0xE4,1,ee 18 16 e0 c3 5e 2b b2 d7 8a 56 b4 02 7c e0 03 1f f8 c0 07 3e f0 81 0f 7c e4
579834003,94,0xEE,0x18,0x16,0,,,0xB5,0xB5,1,ee 18 16 e0 d3 5e 2b b2 d7 8a 56 b4 02 7c e0 03 1f f8 c0 07 3e f0 81 0f 7c b5
579834044,41,0xEE,0x18,0x16,0,,,0x98,0x98,1,ee 18 16 e0 c3 5e 2b b0 d7 8a 56 b4 02 7c e0 03 1f f8 c0 07 3e f0 81 0f 7c 98
579834078,34,0xEE,0x18,0x16,0,,,0xE4,0xE4,1,ee 18 16 e0 c3 5e 2b b2 d7 8a 56 b4 02 7c e0 03 1f f8 c0 07 3e f0 81 0f 7c e4
579834110,32,0xEE,0x10,0x00,0,,,0x2B,0x75,0,ee 10 00 03 0d 40 ff ff ff e2 e4 ee 18 16 e0 c3 5e 2b
579934244,100134,0xEE,0x18,0x16,0,,,0xE4,0xE4,1,ee 18 16 e0 c3 5e 2b b2 d7 8a 56 b4 02 7c e0 03 1f f8 c0 07 3e f0 81 0f 7c e4
579934331,87,0xEE,0x18,0x16,0,,,0xE4,0xE4,1,ee 18 16 e0 c3 5e 2b b2 d7 8a 56 b4 02 7c e0 03 1f f8 c0 07 3e f0 81 0f 7c e4
579934364,33,0xEE,0x18,0x16,0,,,0xE0,0xE0,1,ee 18 16 e0 db 5e 2b ae d7 8a 56 b4 02 7c e0 03 1f f8 c0 07 3e f0 81 0f 7c e0
579934397,33,0xEE,0x18,0x16,0,,,0xE4,0xE4,1,ee 18 16 e0 c3 5e 2b b2 d7 8a 56 b4 02 7c e0 03 1f f8 c0 07 3e f0 81 0f 7c e4
579934427,30,0xEE,0x18,0x16,0,,,0xE4,0xE4,1,ee 18 16 e0 c3 5e 2b b2 d7 8a 56 b4 02 7c e0 03 1f f8 c0 07 3e f0 81 0f 7c e4
580035261,100834,0xEE,0x18,0x16,0,,,0xE4,0xE4,1,ee 18 16 e0 c3 5e 2b b2 d7 8a 56 b4 02 7c e0 03 1f f8 c0 07 3e f0 81 0f 7c e4
580035359,98,0xEE,0x18,0x16,0,,,0xE4,0xE4,1,ee 18 16 e0 c3 5e 2b b2 d7 8a 56 b4 02 7c e0 03 1f f8 c0 07 3e f0 81 0f 7c e4
580035396,37,0xEE,0x18,0x16,0,,,0xE4,0xE4,1,ee 18 16 e0 c3 5e 2b b2 d7 8a 56 b4 02 7c e0 03 1f f8 c0 07 3e f0 81 0f 7c e4
580035429,33,0xEE,0x18,0x16,0,,,0x37,0x37,1,ee 18 16 df d3 5e 2b b2 d7 8a 56 b4 02 7c e0 03 1f f8 c0 07 3e f0 81 0f 7c 37
580035483,54,0xEE,0x10,0x00,0,,,0x2B,0x75,0,ee 10 00 03 0d 40 00 00 01 a4 2b ee 18 16 e0 c3 5e 2b
580135621,100138,0xEE,0x18,0x16,0,,,0xE4,0xE4,1,ee 18 16 e0 c3 5e 2b b2 d7 8a 56 b4 02 7c e0 03 1f f8 c0 07 3e f0 81 0f 7c e4
580135708,87,0xEE,0x18,0x16,0,,,0xE4,0xE4,1,ee 18 16 e0 c3 5e 2b b2 d7 8a 56 b4 02 7c e0 03 1f f8 c0 07 3e f0 81 0f 7c e4
580135742,34,0xEE,0x18,0x16,0,,,0xE4,0xE4,1,ee 18 16 e0 c3 5e 2b b2 d7 8a 56 b4 02 7c e0 03 1f f8 c0 07 3e f0 81 0f 7c e4
580135774,32,0xEE,0x18,0x16,0,,,0x98,0x98,1,ee 18 16 e0 c3 5e 2b b0 d7 8a 56 b4 02 7c e0 03 1f f8 c0 07 3e f0 81 0f 7c 98
580135805,31,0xEE,0x18,0x16,0,,,0xE4,0xE4,1,ee 18 16 e0 c3 5e 2b b2 d7 8a 56 b4 02 7c e0 03 1f f8 c0 07 3e f0 81 0f 7c e4
580235918,100113,0xEE,0x18,0x16,0,,,0xE4,0xE4,1,ee 18 16 e0 c3 5e 2b b2 d7 8a 56 b4 02 7c e0 03 1f f8 c0 07 3e f0 81 0f 7c e4
580236010,92,0xEE,0x18,0x16,0,,,0xE4,0xE4,1,ee 18 16 e0 c3 5e 2b b2 d7 8a 56 b4 02 7c e0 03 1f f8 c0 07 3e f0 81 0f 7c e4
580236046,36,0xEE,0x18,0x16,0,,,0xE4,0xE4,1,ee 18 16 e0 c3 5e 2b b2 d7 8a 56 b4 02 7c e0 03 1f f8 c0 07 3e f0 81 0f 7c e4
580236077,31,0xEE,0x18,0x16,0,,,0xE4,0xE4,1,ee 18 16 e0 c3 5e 2b b2 d7 8a 56 b4 02 7c e0 03 1f f8 c0 07 3e f0 81 0f 7c e4
580236109,32,0xEE,0x10,0x00,0,,,0x2B,0x75,0,ee 10 00 03 0d 40 00 00 00 8c ad ee 18 16 e0 c3 5e 2b
580336226,100117,0xEE,0x18,0x16,0,,,0x60,0x60,1,ee 18 16 e0 c3 5e 2b b4 d7 8a 56 b4 02 7c e0 03 1f f8 c0 07 3e f0 81 0f 7c 60
580336313,87,0xEE,0x18,0x16,0,,,0x66,0x66,1,ee 18 16 df c3 5e 2b b2 d7 8a 56 b4 02 7c e0 03 1f f8 c0 07 3e f0 81 0f 7c 66
580336348,35,0xEE,0x18,0x16,0,,,0xE4,0xE4,1,ee 18 16 e0 c3 5e 2b b2 d7 8a 56 b4 02 7c e0 03 1f f8 c0 07 3e f0 81 0f 7c e4
580336379,31,0xEE,0x18,0x16,0,,,0x73,0x73,1,ee 18 16 e0 c3 5e 2b ae d7 8a 56 b4 02 7c e0 03 1f f8 c0 07 3e f0 81 0f 7c 73
580336413,34,0xEE,0x18,0x16,0,,,0xE4,0xE4,1,ee 18 16 e0 c3 5e 2b b2 d7 8a 56 b4 02 7c e0 03 1f f8 c0 07 3e f0 81 0f 7c e4
580436524,100111,0xEE,0x18,0x16,0,,,0xE4,0xE4,1,ee 18 16 e0 c3 5e 2b b2 d7 8a 56 b4 02 7c e0 03 1f f8 c0 07 3e f0 81 0f 7c e4
580436613,89,0xEE,0x18,0x16,0,,,0x44,0x44,1,ee 18 16 e0 bb 5e 2b b2 d7 8a 56 b4 02 7c e0 03 1f f8 c0 07 3e f0 81 0f 7c 44
580436650,37,0xEE,0x18,0x16,0,,,0xE4,0xE4,1,ee 18 16 e0 c3 5e 2b b2 d7 8a 56 b4 02 7c e0 03 1f f8 c0 07 3e f0 81 0f 7c e4
580436681,31,0xEE,0x18,0x16,0,,,0xB5,0xB5,1,ee 18 16 e0 d3 5e 2b b2 d7 8a 56 b4 02 7c e0 03 1f f8 c0 07 3e f0 81 0f 7c b5
580436713,32,0xEE,0x10,0x00,0,,,0x2B,0x75,0,ee 10 00 03 0d 40 00 00 00 a0 de ee 18 16 e0 c3 5e 2b
580536822,100109,0xEE,0x18,0x16,0,,,0x60,0x60,1,ee 18 16 e0 c3 5e 2b b4 d7 8a 56 b4 02 7c e0 03 1f f8 c0 07 3e f0 81 0f 7c 60
580536910,88,0xEE,0x18,0x16,0,,,0xE4,0xE4,1,ee 18 16 e0 c3 5e 2b b2 d7 8a 56 b4 02 7c e0 03 1f f8 c0 07 3e f0 81 0f 7c e4
580536945,35,0xEE,0x18,0x16,0,,,0x66,0x66,1,ee 18 16 df c3 5e 2b b2 d7 8a 56 b4 02 7c e0 03 1f f8 c0 07 3e f0 81 0f 7c 66
580536977,32,0xEE,0x18,0x16,0,,,0x98,0x98,1,ee 18 16 e0 c3 5e 2b b0 d7 8a 56 b4 02 7c e0 03 1f f8 c0 07 3e f0 81 0f 7c 98
580537007,30,0xEE,0x18,0x16,0,,,0xE4,0xE4,1,ee 18 16 e0 c3 5e 2b b2 d7 8a 56 b4 02 7c e0 03 1f f8 c0 07 3e f0 81 0f 7c e4
580637119,100112,0xEE,0x18,0x16,0,,,0xE4,0xE4,1,ee 18 16 e0 c3 5e 2b b2 d7 8a 56 b4 02 7c e0 03 1f f8 c0 07 3e f0 81 0f 7c e4
580637210,91,0xEE,0x18,0x16,0,,,0x60,0x60,1,ee 18 16 e0 c3 5e 2b b4 d7 8a 56 b4 02 7c e0 03 1f f8 c0 07 3e f0 81 0f 7c 60
580637245,35,0xEE,0x18,0x16,0,,,0x66,0x66,1,ee 18 16 df c3 5e 2b b2 d7 8a 56 b4 02 7c e0 03 1f f8 c0 07 3e f0 81 0f 7c 66
580637276,31,0xEE,0x18,0x16,0,,,0xE4,0xE4,1,ee 18 16 e0 c3 5e 2b b2 d7 8a 56 b4 02 7c e0 03 1f f8 c0 07 3e f0 81 0f 7c e4
580637308,32,0xEE,0x10,0x00,0,,,0x2B,0x75,0,ee 10 00 03 0d 40 00 00 00 5a 0c ee 18 16 e0 c3 5e 2b
580737433,100125,0xEE,0x18,0x16,0,,,0xE4,0xE4,1,ee 18 16 e0 c3 5e 2b b2 d7 8a 56 b4 02 7c e0 03 1f f8 c0 07 3e f0 81 0f 7c e4
580737526,93,0xEE,0x18,0x16,0,,,0xB5,0xB5,1,ee 18 16 e0 d3 5e 2b b2 d7 8a 56 b4 02 7c e0 03 1f f8 c0 07 3e f0 81 0f 7c b5
580737563,37,0xEE,0x18,0x16,0,,,0x66,0x66,1,ee 18 16 df c3 5e 2b b2 d7 8a 56 b4 02 7c e0 03 1f f8 c0 07 3e f0 81 0f 7c 66
580737594,31,0xEE,0x18,0x16,0,,,0xE4,0xE4,1,ee 18 16 e0 c3 5e 2b b2 d7 8a 56 b4 02 7c e0 03 1f f8 c0 07 3e f0 81 0f 7c e4
580737625,31,0xEE,0x18,0x16,0,,,0x98,0x98,1,ee 18 16 e0 c3 5e 2b b0 d7 8a 56 b4 02 7c e0 03 1f f8 c0 07 3e f0 81 0f 7c 98
580837740,100115,0xEE,0x18,0x16,0,,,0x60,0x60,1,ee 18 16 e0 c3 5e 2b b4 d7 8a 56 b4 02 7c e0 03 1f f8 c0 07 3e f0 81 0f 7c 60
580837831,91,0xEE,0x18,0x16,0,,,0xE4,0xE4,1,ee 18 16 e0 c3 5e 2b b2 d7 8a 56 b4 02 7c e0 03 1f f8 c0 07 3e f0 81 0f 7c e4
580837866,35,0xEE,0x18,0x16,0,,,0xE4,0xE4,1,ee 18 16 e0 c3 5e 2b b2 d7 8a 56 b4 02 7c e0 03 1f f8 c0 07 3e f0 81 0f 7c e4
580837897,31,0xEE,0x18,0x16,0,,,0xE4,0xE4,1,ee 18 16 e0 c3 5e 2b b2 d7 8a 56 b4 02 7c e0 03 1f f8 c0 07 3e f0 81 0f 7c e4
580837928,31,0xEE,0x10,0x00,0,,,0x2B,0x75,0,ee 10 00 03 0d 40 00 00 01 cc 3b ee 18 16 e0 c3 5e 2b
580938035,100107,0xEE,0x18,0x16,0,,,0xE4,0xE4,1,ee 18 16 e0 c3 5e 2b b2 d7 8a 56 b4 02 7c e0 03 1f f8 c0 07 3e f0 81 0f 7c e4
580938125,90,0xEE,0x18,0x16,0,,,0xE4,0xE4,1,ee 18 16 e0 c3 5e 2b b2 d7 8a 56 b4 02 7c e0 03 1f f8 c0 07 3e f0 81 0f 7c e4
580938161,36,0xEE,0x18,0x16,0,,,0x98,0x98,1,ee 18 16 e0 c3 5e 2b b0 d7 8a 56 b4 02 7c e0 03 1f f8 c0 07 3e f0 81 0f 7c 98
580938194,33,0xEE,0x18,0x16,0,,,0x73,0x73,1,ee 18 16 e0 c3 5e 2b ae d7 8a 56 b4 02 7c e0 03 1f f8 c0 07 3e f0 81 0f 7c 73
580938237,43,0xEE,0x18,0x16,0,,,0xE4,0xE4,1,ee 18 16 e0 c3 5e 2b b2 d7 8a 56 b4 02 7c e0 03 1f f8 c0 07 3e f0 81 0f 7c e4
581038375,100138,0xEE,0x18,0x16,0,,,0x66,0x66,1,ee 18 16 df c3 5e 2b b2 d7 8a 56 b4 02 7c e0 03 1f f8 c0 07 3e f0 81 0f 7c 66
581038465,90,0xEE,0x18,0x16,0,,,0x66,0x66,1,ee 18 16 df c3 5e 2b b2 d7 8a 56 b4 02 7c e0 03 1f f8 c0 07 3e f0 81 0f 7c 66
581038502,37,0xEE,0x18,0x16,0,,,0xE4,0xE4,1,ee 18 16 e0 c3 5e 2b b2 d7 8a 56 b4 02 7c e0 03 1f f8 c0 07 3e f0 81 0f 7c e4
581038535,33,0xEE,0x18,0x16,0,,,0xE4,0xE4,1,ee 18 16 e0 c3 5e 2b b2 d7 8a 56 b4 02 7c e0 03 1f f8 c0 07 3e f0 81 0f 7c e4
581038566,31,0xEE,0x10,0x00,0,,,0x2B,0x75,0,ee 10 00 03 0d 40 ff ff ff d8 44 ee 18 16 e0 c3 5e 2b
581138679,100113,0xEE,0x18,0x16,0,,,0xE4,0xE4,1,ee 18 16 e0 c3 5e 2b b2 d7 8a 56 b4 02 7c e0 03 1f f8 c0 07 3e f0 81 0f 7c e4
581138768,89,0xEE,0x18,0x16,0,,,0xE4,0xE4,1,ee 18 16 e0 c3 5e 2b b2 d7 8a 56 b4 02 7c e0 03 1f f8 c0 07 3e f0 81 0f 7c e4
581138803,35,0xEE,0x18,0x16,0,,,0xE4,0xE4,1,ee 18 16 e0 c3 5e 2b b2 d7 8a 56 b4 02 7c e0 03 1f f8 c0 07 3e f0 81 0f 7c e4
581138834,31,0xEE,0x18,0x16,0,,,0x98,0x98,1,ee 18 16 e0 c3 5e 2b b0 d7 8a 56 b4 02 7c e0 03 1f f8 c0 07 3e f0 81 0f 7c 98
581138866,32,0xEE,0x18,0x16,0,,,0xE4,0xE4,1,ee 18 16 e0 c3 5e 2b b2 d7 8a 56 b4 02 7c e0 03 1f f8 c0 07 3e f0 81 0f 7c e4
581238978,100112,0xEE,0x18,0x16,0,,,0xC9,0xC9,1,ee 18 16 e0 d3 5e 2b b0 d7 8a 56 b4 02 7c e0 03 1f f8 c0 07 3e f0 81 0f 7c c9
581239067,89,0xEE,0x18,0x16,0,,,0xE4,0xE4,1,ee 18 16 e0 c3 5e 2b b2 d7 8a 56 b4 02 7c e0 03 1f f8 c0 07 3e f0 81 0f 7c e4
581239102,35,0xEE,0x18,0x16,0,,,0x66,0x66,1,ee 18 16 df c3 5e 2b b2 d7 8a 56 b4 02 7c e0 03 1f f8 c0 07 3e f0 81 0f 7c 66
581239134,32,0xEE,0x18,0x16,0,,,0xE4,0xE4,1,ee 18 16 e0 c3 5e 2b b2 d7 8a 56 b4 02 7c e0 03 1f f8 c0 07 3e f0 81 0f 7c e4
581239165,31,0xEE,0x10,0x00,0,,,0x2B,0x75,0,ee 10 00 03 0d 40 00 00 00 96 a9 ee 18 16 e0 c3 5e 2b
581339308,100143,0xEE,0x18,0x16,0,,,0xE4,0xE4,1,ee 18 16 e0 c3 5e 2b b2 d7 8a 56 b4 02 7c e0 03 1f f8 c0 07 3e f0 81 0f 7c e4
581339411,103,0xEE,0x18,0x16,0,,,0x98,0x98,1,ee 18 16 e0 c3 5e 2b b0 d7 8a 56 b4 02 7c e0 03 1f f8 c0 07 3e f0 81 0f 7c 98
581339445,34,0xEE,0x18,0x16,0,,,0xE4,0xE4,1,ee 18 16 e0 c3 5e 2b b2 d7 8a 56 b4 02 7c e0 03 1f f8 c0 07 3e f0 81 0f 7c e4
581339477,32,0xEE,0x18,0x16,0,,,0xE4,0xE4,1,ee 18 16 e0 c3 5e 2b b2 d7 8a 56 b4 02 7c e0 03 1f f8 c0 07 3e f0 81 0f 7c e4
581339508,31,0xEE,0x18,0x16,0,,,0xE4,0xE4,1,ee 18 16 e0 c3 5e 2b b2 d7 8a 56 b4 02 7c e0 03 1f f8 c0 07 3e f0 81 0f 7c e4
581439705,100197,0xEE,0x18,0x16,0,,,0x73,0x73,1,ee 18 16 e0 c3 5e 2b ae d7 8a 56 b4 02 7c e0 03 1f f8 c0 07 3e f0 81 0f 7c 73
581439802,97,0xEE,0x18,0x16,0,,,0x98,0x98,1,ee 18 16 e0 c3 5e 2b b0 d7 8a 56 b4 02 7c e0 03 1f f8 c0 07 3e f0 81 0f 7c 98
581439839,37,0xEE,0x18,0x16,0,,,0xE4,0xE4,1,ee 18 16 e0 c3 5e 2b b2 d7 8a 56 b4 02 7c e0 03 1f f8 c0 07 3e f0 81 0f 7c e4
581439872,33,0xEE,0x18,0x16,0,,,0xE4,0xE4,1,ee 18 16 e0 c3 5e 2b b2 d7 8a 56 b4 02 7c e0 03 1f f8 c0 07 3e f0 81 0f 7c e4
581439904,32,0xEE,0x10,0x00,0,,,0x2B,0x75,0,ee 10 00 03 0d 40 00 00 00 82 05 ee 18 16 e0 c3 5e 2b
581540024,100120,0xEE,0x18,0x16,0,,,0xE4,0xE4,1,ee 18 16 e0 c3 5e 2b b2 d7 8a 56 b4 02 7c e0 03 1f f8 c0 07 3e f0 81 0f 7c e4
581540114,90,0xEE,0x18,0x16,0,,,0x98,0x98,1,ee 18 16 e0 c3 5e 2b b0 d7 8a 56 b4 02 7c e0 03 1f f8 c0 07 3e f0 81 0f 7c 98
581540151,37,0xEE,0x18,0x16,0,,,0x98,0x98,1,ee 18 16 e0 c3 5e 2b b0 d7 8a 56 b4 02 7c e0 03 1f f8 c0 07 3e f0 81 0f 7c 98
581540183,32,0xEE,0x18,0x16,0,,,0xE4,0xE4,1,ee 18 16 e0 c3 5e 2b b2 d7 8a 56 b4 02 7c e0 03 1f f8 c0 07 3e f0 81 0f 7c e4
581540215,32,0xEE,0x18,0x16,0,,,0x98,0x98,1,ee 18 16 e0 c3 5e 2b b0 d7 8a 56 b4 02 7c e0 03 1f f8 c0 07 3e f0 81 0f 7c 98
581640327,100112,0xEE,0x18,0x16,0,,,0xE4,0xE4,1,ee 18 16 e0 c3 5e 2b b2 d7 8a 56 b4 02 7c e0 03 1f f8 c0 07 3e f0 81 0f 7c e4
581640415,88,0xEE,0x18,0x16,0,,,0xE4,0xE4,1,ee 18 16 e0 c3 5e 2b b2 d7 8a 56 b4 02 7c e0 03 1f f8 c0 07 3e f0 81 0f 7c e4
581640455,40,0xEE,0x18,0x16,0,,,0xE4,0xE4,1,ee 18 16 e0 c3 5e 2b b2 d7 8a 56 b4 02 7c e0 03 1f f8 c0 07 3e f0 81 0f 7c e4
581640486,31,0xEE,0x18,0x16,0,,,0xE4,0xE4,1,ee 18 16 e0 c3 5e 2b b2 d7 8a 56 b4 02 7c e0 03 1f f8 c0 07 3e f0 81 0f 7c e4
581640517,31,0xEE,0x10,0x00,0,,,0x2B,0x75,0,ee 10 00 03 0d 40 00 00 00 c8 ce ee 18 16 e0 c3 5e 2b
581740627,100110,0xEE,0x18,0x16,0,,,0xE4,0xE4,1,ee 18 16 e0 c3 5e 2b b2 d7 8a 56 b4 02 7c e0 03 1f f8 c0 07 3e f0 81 0f 7c e4
581740716,89,0xEE,0x18,0x16,0,,,0x98,0x98,1,ee 18 16 e0 c3 5e 2b b0 d7 8a 56 b4 02 7c e0 03 1f f8 c0 07 3e f0 81 0f 7c 98
581740754,38,0xEE,0x18,0x16,0,,,0x60,0x60,1,ee 18 16 e0 c3 5e 2b b4 d7 8a 56 b4 02 7c e0 03 1f f8 c0 07 3e f0 81 0f 7c 60
581740786,32,0xEE,0x18,0x16,0,,,0xB5,0xB5,1,ee 18 16 e0 d3 5e 2b b2 d7 8a 56 b4 02 7c e0 03 1f f8 c0 07 3e f0 81 0f 7c b5
581740817,31,0xEE,0x18,0x16,0,,,0x98,0x98,1,ee 18 16 e0 c3 5e 2b b0 d7 8a 56 b4 02 7c e0 03 1f f8 c0 07 3e f0 81 0f 7c 98
581840928,100111,0xEE,0x18,0x16,0,,,0xE4,0xE4,1,ee 18 16 e0 c3 5e 2b b2 d7 8a 56 b4 02 7c e0 03 1f f8 c0 07 3e f0 81 0f 7c e4
581841017,89,0xEE,0x18,0x16,0,,,0x73,0x73,1,ee 18 16 e0 c3 5e 2b ae d7 8a 56 b4 02 7c e0 03 1f f8 c0 07 3e f0 81 0f 7c 73
581841053,36,0xEE,0x18,0x16,0,,,0xE4,0xE4,1,ee 18 16 e0 c3 5e 2b b2 d7 8a 56 b4 02 7c e0 03 1f f8 c0 07 3e f0 81 0f 7c e4
581841084,31,0xEE,0x18,0x16,0,,,0xE4,0xE4,1,ee 18 16 e0 c3 5e 2b b2 d7 8a 56 b4 02 7c e0 03 1f f8 c0 07 3e f0 81 0f 7c e4
581841116,32,0xEE,0x10,0x00,0,,,0x2B,0x75,0,ee 10 00 03 0d 40 00 00 00 a0 de ee 18 16 e0 c3 5e 2b
581941232,100116,0xEE,0x18,0x16,0,,,0xE4,0xE4,1,ee 18 16 e0 c3 5e 2b b2 d7 8a 56 b4 02 7c e0 03 1f f8 c0 07 3e f0 81 0f 7c e4
581941322,90,0xEE,0x18,0x16,0,,,0xE4,0xE4,1,ee 18 16 e0 c3 5e 2b b2 d7 8a 56 b4 02 7c e0 03 1f f8 c0 07 3e f0 81 0f 7c e4
581941357,35,0xEE,0x18,0x16,0,,,0xE4,0xE4,1,ee 18 16 e0 c3 5e 2b b2 d7 8a 56 b4 02 7c e0 03 1f f8 c0 07 3e f0 81 0f 7c e4
581941388,31,0xEE,0x18,0x16,0,,,0xE4,0xE4,1,ee 18 16 e0 c3 5e 2b b2 d7 8a 56 b4 02 7c e0 03 1f f8 c0 07 3e f0 81 0f 7c e4
581941418,30,0xEE,0x18,0x16,0,,,0x73,0x73,1,ee 18 16 e0 c3 5e 2b ae d7 8a 56 b4 02 7c e0 03 1f f8 c0 07 3e f0 81 0f 7c 73
582041532,100114,0xEE,0x18,0x16,0,,,0x98,0x98,1,ee 18 16 e0 c3 5e 2b b0 d7 8a 56 b4 02 7c e0 03 1f f8 c0 07 3e f0 81 0f 7c 98
582041622,90,0xEE,0x18,0x16,0,,,0xE4,0xE4,1,ee 18 16 e0 c3 5e 2b b2 d7 8a 56 b4 02 7c e0 03 1f f8 c0 07 3e f0 81 0f 7c e4
582041658,36,0xEE,0x18,0x16,0,,,0xE4,0xE4,1,ee 18 16 e0 c3 5e 2b b2 d7 8a 56 b4 02 7c e0 03 1f f8 c0 07 3e f0 81 0f 7c e4
582041689,31,0xEE,0x18,0x16,0,,,0x98,0x98,1,ee 18 16 e0 c3 5e 2b b0 d7 8a 56 b4 02 7c e0 03 1f f8 c0 07 3e f0 81 0f 7c 98
582041721,32,0xEE,0x10,0x00,0,,,0x2B,0x75,0,ee 10 00 03 0d 40 00 00 00 6e 04 ee 18 16 e0 c3 5e 2b
582141828,100107,0xEE,0x18,0x16,0,,,0x1A,0x1A,1,ee 18 16 df c3 5e 2b b0 d7 8a 56 b4 02 7c e0 03 1f f8 c0 07 3e f0 81 0f 7c 1a
582141917,89,0xEE,0x18,0x16,0,,,0xE4,0xE4,1,ee 18 16 e0 c3 5e 2b b2 d7 8a 56 b4 02 7c e0 03 1f f8 c0 07 3e f0 81 0f 7c e4
582141953,36,0xEE,0x18,0x16,0,,,0x66,0x66,1,ee 18 16 df c3 5e 2b b2 d7 8a 56 b4 02 7c e0 03 1f f8 c0 07 3e f0 81 0f 7c 66
582141985,32,0xEE,0x18,0x16,0,,,0x98,0x98,1,ee 18 16 e0 c3 5e 2b b0 d7 8a 56 b4 02 7c e0 03 1f f8 c0 07 3e f0 81 0f 7c 98
582142016,31,0xEE,0x18,0x16,0,,,0x44,0x44,1,ee 18 16 e0 bb 5e 2b b2 d7 8a 56 b4 02 7c e0 03 1f f8 c0 07 3e f0 81 0f 7c 44
582242149,100133,0xEE,0x18,0x16,0,,,0xE4,0xE4,1,ee 18 16 e0 c3 5e 2b b2 d7 8a 56 b4 02 7c e0 03 1f f8 c0 07 3e f0 81 0f 7c e4
582242239,90,0xEE,0x18,0x16,0,,,0x98,0x98,1,ee 18 16 e0 c3 5e 2b b0 d7 8a 56 b4 02 7c e0 03 1f f8 c0 07 3e f0 81 0f 7c 98
582242274,35,0xEE,0x18,0x16,0,,,0xB5,0xB5,1,ee 18 16 e0 d3 5e 2b b2 d7 8a 56 b4 02 7c e0 03 1f f8 c0 07 3e f0 81 0f 7c b5
582242306,32,0xEE,0x18,0x16,0,,,0x60,0x60,1,ee 18 16 e0 c3 5e 2b b4 d7 8a 56 b4 02 7c e0 03 1f f8 c0 07 3e f0 81 0f 7c 60
582242337,31,0xEE,0x10,0x00,0,,,0x2B,0x75,0,ee 10 00 03 0d 40 00 00 00 6e 04 ee 18 16 e0 c3 5e 2b
582342535,100198,0xEE,0x18,0x16,0,,,0x98,0x98,1,ee 18 16 e0 c3 5e 2b b0 d7 8a 56 b4 02 7c e0 03 1f f8 c0 07 3e f0 81 0f 7c 98
582342746,211,0xEE,0x18,0x16,0,,,0xE4,0xE4,1,ee 18 16 e0 c3 5e 2b b2 d7 8a 56 b4 02 7c e0 03 1f f8 c0 07 3e f0 81 0f 7c e4
582342809,63,0xEE,0x18,0x16,0,,,0xE4,0xE4,1,ee 18 16 e0 c3 5e 2b b2 d7 8a 56 b4 02 7c e0 03 1f f8 c0 07 3e f0 81 0f 7c e4
582342846,37,0xEE,0x18,0x16,0,,,0xE4,0xE4,1,ee 18 16 e0 c3 5e 2b b2 d7 8a 56 b4 02 7c e0 03 1f f8 c0 07 3e f0 81 0f 7c e4
582342877,31,0xEE,0x18,0x16,0,,,0xE4,0xE4,1,ee 18 16 e0 c3 5e 2b b2 d7 8a 56 b4 02 7c e0 03 1f f8 c0 07 3e f0 81 0f 7c e4
582442997,100120,0xEE,0x18,0x16,0,,,0xE4,0xE4,1,ee 18 16 e0 c3 5e 2b b2 d7 8a 56 b4 02 7c e0 03 1f f8 c0 07 3e f0 81 0f 7c e4
582443096,99,0xEE,0x18,0x16,0,,,0xE4,0xE4,1,ee 18 16 e0 c3 5e 2b b2 d7 8a 56 b4 02 7c e0 03 1f f8 c0 07 3e f0 81 0f 7c e4
582443132,36,0xEE,0x18,0x16,0,,,0xE4,0xE4,1,ee 18 16 e0 c3 5e 2b b2 d7 8a 56 b4 02 7c e0 03 1f f8 c0 07 3e f0 81 0f 7c e4
582443163,31,0xEE,0x18,0x16,0,,,0x60,0x60,1,ee 18 16 e0 c3 5e 2b b4 d7 8a 56 b4 02 7c e0 03 1f f8 c0 07 3e f0 81 0f 7c 60
582443195,32,0xEE,0x10,0x00,0,,,0x2B,0x75,0,ee 10 00 03 0d 40 00 00 01 90 23 ee 18 16 e0 c3 5e 2b
582543310,100115,0xEE,0x18,0x16,0,,,0x98,0x98,1,ee 18 16 e0 c3 5e 2b b0 d7 8a 56 b4 02 7c e0 03 1f f8 c0 07 3e f0 81 0f 7c 98
582543401,91,0xEE,0x18,0x16,0,,,0xE4,0xE4,1,ee 18 16 e0 c3 5e 2b b2 d7 8a 56 b4 02 7c e0 03 1f f8 c0 07 3e f0 81 0f 7c e4
582543436,35,0xEE,0x18,0x16,0,,,0xB5,0xB5,1,ee 18 16 e0 d3 5e 2b b2 d7 8a 56 b4 02 7c e0 03 1f f8 c0 07 3e f0 81 0f 7c b5
582543467,31,0xEE,0x18,0x16,0,,,0x98,0x98,1,ee 18 16 e0 c3 5e 2b b0 d7 8a 56 b4 02 7c e0 03 1f f8 c0 07 3e f0 81 0f 7c 98
582543498,31,0xEE,0x18,0x16,0,,,0xE4,0xE4,1,ee 18 16 e0 c3 5e 2b b2 d7 8a 56 b4 02 7c e0 03 1f f8 c0 07 3e f0 81 0f 7c e4
582643623,100125,0xEE,0x18,0x16,0,,,0xE4,0xE4,1,ee 18 16 e0 c3 5e 2b b2 d7 8a 56 b4 02 7c e0 03 1f f8 c0 07 3e f0 81 0f 7c e4
582643727,104,0xEE,0x18,0x16,0,,,0xE4,0xE4,1,ee 18 16 e0 c3 5e 2b b2 d7 8a 56 b4 02 7c e0 03 1f f8 c0 07 3e f0 81 0f 7c e4
582643770,43,0xEE,0x18,0x16,0,,,0xB5,0xB5,1,ee 18 16 e0 d3 5e 2b b2 d7 8a 56 b4 02 7c e0 03 1f f8 c0 07 3e f0 81 0f 7c b5
582643804,34,0xEE,0x18,0x16,0,,,0xE4,0xE4,1,ee 18 16 e0 c3 5e 2b b2 d7 8a 56 b4 02 7c e0 03 1f f8 c0 07 3e f0 81 0f 7c e4
582643836,32,0xEE,0x10,0x00,0,,,0x2B,0x75,0,ee 10 00 03 0d 40 ff ff ff c4 c1 ee 18 16 e0 c3 5e 2b
582643865,29,0xEE,0x18,0x16,0,,,0xE4,0xE4,1,ee 18 16 e0 c3 5e 2b b2 d7 8a 56 b4 02 7c e0 03 1f f8 c0 07 3e f0 81 0f 7c e4
582743999,100134,0xEE,0x18,0x16,0,,,0xE4,0xE4,1,ee 18 16 e0 c3 5e 2b b2 d7 8a 56 b4 02 7c e0 03 1f f8 c0 07 3e f0 81 0f 7c e4
582744098,99,0xEE,0x18,0x16,0,,,0xE4,0xE4,1,ee 18 16 e0 c3 5e 2b b2 d7 8a 56 b4 02 7c e0 03 1f f8 c0 07 3e f0 81 0f 7c e4
582744134,36,0xEE,0x18,0x16,0,,,0x98,0x98,1,ee 18 16 e0 c3 5e 2b b0 d7 8a 56 b4 02 7c e0 03 1f f8 c0 07 3e f0 81 0f 7c 98
582744165,31,0xEE,0x18,0x16,0,,,0xE4,0xE4,1,ee 18 16 e0 c3 5e 2b b2 d7 8a 56 b4 02 7c e0 03 1f f8 c0 07 3e f0 81 0f 7c e4
582844282,100117,0xEE,0x18,0x16,0,,,0xB5,0xB5,1,ee 18 16 e0 d3 5e 2b b2 d7 8a 56 b4 02 7c e0 03 1f f8 c0 07 3e f0 81 0f 7c b5
582844374,92,0xEE,0x18,0x16,0,,,0xE4,0xE4,1,ee 18 16 e0 c3 5e 2b b2 d7 8a 56 b4 02 7c e0 03 1f f8 c0 07 3e f0 81 0f 7c e4
582844409,35,0xEE,0x18,0x16,0,,,0xB5,0xB5,1,ee 18 16 e0 d3 5e 2b b2 d7 8a 56 b4 02 7c e0 03 1f f8 c0 07 3e f0 81 0f 7c b5
582844441,32,0xEE,0x18,0x16,0,,,0x60,0x60,1,ee 18 16 e0 c3 5e 2b b4 d7 8a 56 b4 02 7c e0 03 1f f8 c0 07 3e f0 81 0f 7c 60
582844472,31,0xEE,0x10,0x00,0,,,0x2B,0x75,0,ee 10 00 03 0d 40 00 00 00 aa 88 ee 18 16 e0 c3 5e 2b
582944601,100129,0xEE,0x18,0x16,0,,,0xE4,0xE4,1,ee 18 16 e0 c3 5e 2b b2 d7 8a 56 b4 02 7c e0 03 1f f8 c0 07 3e f0 81 0f 7c e4
582944691,90,0xEE,0x18,0x16,0,,,0x66,0x66,1,ee 18 16 df c3 5e 2b b2 d7 8a 56 b4 02 7c e0 03 1f f8 c0 07 3e f0 81 0f 7c 66
582944728,37,0xEE,0x18,0x16,0,,,0x98,0x98,1,ee 18 16 e0 c3 5e 2b b0 d7 8a 56 b4 02 7c e0 03 1f f8 c0 07 3e f0 81 0f 7c 98
582944763,35,0xEE,0x18,0x16,0,,,0xE4,0xE4,1,ee 18 16 e0 c3 5e 2b b2 d7 8a 56 b4 02 7c e0 03 1f f8 c0 07 3e f0 81 0f 7c e4
582944828,65,0xEE,0x18,0x16,0,,,0x44,0x44,1,ee 18 16 e0 bb 5e 2b b2 d7 8a 56 b4 02 7c e0 03 1f f8 c0 07 3e f0 81 0f 7c 44
583044963,100135,0xEE,0x18,0x16,0,,,0xE4,0xE4,1,ee 18 16 e0 c3 5e 2b b2 d7 8a 56 b4 02 7c e0 03 1f f8 c0 07 3e f0 81 0f 7c e4
583045066,103,0xEE,0x18,0x16,0,,,0xE4,0xE4,1,ee 18 16 e0 c3 5e 2b b2 d7 8a 56 b4 02 7c e0 03 1f f8 c0 07 3e f0 81 0f 7c e4
583045107,41,0xEE,0x18,0x16,0,,,0x37,0x37,1,ee 18 16 df d3 5e 2b b2 d7 8a 56 b4 02 7c e0 03 1f f8 c0 07 3e f0 81 0f 7c 37
583045143,36,0xEE,0x18,0x16,0,,,0x1A,0x1A,1,ee 18 16 df c3 5e 2b b0 d7 8a 56 b4 02 7c e0 03 1f f8 c0 07 3e f0 81 0f 7c 1a
583045178,35,0xEE,0x10,0x00,0,,,0x2B,0x75,0,ee 10 00 03 0d 40 00 00 00 aa 88 ee 18 16 e0 c3 5e 2b
583045206,28,0xEE,0x18,0x16,0,,,0xE4,0xE4,1,ee 18 16 e0 c3 5e 2b b2 d7 8a 56 b4 02 7c e0 03 1f f8 c0 07 3e f0 81 0f 7c e4
583145337,100131,0xEE,0x18,0x16,0,,,0xE4,0xE4,1,ee 18 16 e0 c3 5e 2b b2 d7 8a 56 b4 02 7c e0 03 1f f8 c0 07 3e f0 81 0f 7c e4
583145430,93,0xEE,0x18,0x16,0,,,0x98,0x98,1,ee 18 16 e0 c3 5e 2b b0 d7 8a 56 b4 02 7c e0 03 1f f8 c0 07 3e f0 81 0f 7c 98
583145465,35,0xEE,0x18,0x16,0,,,0xE4,0xE4,1,ee 18 16 e0 c3 5e 2b b2 d7 8a 56 b4 02 7c e0 03 1f f8 c0 07 3e f0 81 0f 7c e4
583145497,32,0xEE,0x18,0x16,0,,,0xE4,0xE4,1,ee 18 16 e0 c3 5e 2b b2 d7 8a 56 b4 02 7c e0 03 1f f8 c0 07 3e f0 81 0f 7c e4
583245617,100120,0xEE,0x18,0x16,0,,,0xE4,0xE4,1,ee 18 16 e0 c3 5e 2b b2 d7 8a 56 b4 02 7c e0 03 1f f8 c0 07 3e f0 81 0f 7c e4
583245712,95,0xEE,0x18,0x16,0,,,0xE4,0xE4,1,ee 18 16 e0 c3 5e 2b b2 d7 8a 56 b4 02 7c e0 03 1f f8 c0 07 3e f0 81 0f 7c e4
583245749,37,0xEE,0x18,0x16,0,,,0x60,0x60,1,ee 18 16 e0 c3 5e 2b b4 d7 8a 56 b4 02 7c e0 03 1f f8 c0 07 3e f0 81 0f 7c 60
583245781,32,0xEE,0x18,0x16,0,,,0xE4,0xE4,1,ee 18 16 e0 c3 5e 2b b2 d7 8a 56 b4 02 7c e0 03 1f f8 c0 07 3e f0 81 0f 7c e4
583245812,31,0xEE,0x10,0x00,0,,,0x2B,0x75,0,ee 10 00 03 0d 40 00 00 01 2c ed ee 18 16 e0 c3 5e 2b
583345927,100115,0xEE,0x18,0x16,0,,,0xE4,0xE4,1,ee 18 16 e0 c3 5e 2b b2 d7 8a 56 b4 02 7c e0 03 1f f8 c0 07 3e f0 81 0f 7c e4
583346018,91,0xEE,0x18,0x16,0,,,0xE4,0xE4,1,ee 18 16 e0 c3 5e 2b b2 d7 8a 56 b4 02 7c e0 03 1f f8 c0 07 3e f0 81 0f 7c e4
583346053,35,0xEE,0x18,0x16,0,,,0xE4,0xE4,1,ee 18 16 e0 c3 5e 2b b2 d7 8a 56 b4 02 7c e0 03 1f f8 c0 07 3e f0 81 0f 7c e4
583346085,32,0xEE,0x18,0x16,0,,,0x98,0x98,1,ee 18 16 e0 c3 5e 2b b0 d7 8a 56 b4 02 7c e0 03 1f f8 c0 07 3e f0 81 0f 7c 98
583346119,34,0xEE,0x18,0x16,0,,,0xE4,0xE4,1,ee 18 16 e0 c3 5e 2b b2 d7 8a 56 b4 02 7c e0 03 1f f8 c0 07 3e f0 81 0f 7c e4
583446230,100111,0xEE,0x18,0x16,0,,,0x98,0x98,1,ee 18 16 e0 c3 5e 2b b0 d7 8a 56 b4 02 7c e0 03 1f f8 c0 07 3e f0 81 0f 7c 98
583446318,88,0xEE,0x18,0x16,0,,,0xE4,0xE4,1,ee 18 16 e0 c3 5e 2b b2 d7 8a 56 b4 02 7c e0 03 1f f8 c0 07 3e f0 81 0f 7c e4
583446353,35,0xEE,0x18,0x16,0,,,0xE4,0xE4,1,ee 18 16 e0 c3 5e 2b b2 d7 8a 56 b4 02 7c e0 03 1f f8 c0 07 3e f0 81 0f 7c e4
583446384,31,0xEE,0x18,0x16,0,,,0xE4,0xE4,1,ee 18 16 e0 c3 5e 2b b2 d7 8a 56 b4 02 7c e0 03 1f f8 c0 07 3e f0 81 0f 7c e4
583446416,32,0xEE,0x10,0x00,0,,,0x2B,0x75,0,ee 10 00 03 0d 40 00 00 00 aa 88 ee 18 16 e0 c3 5e 2b
583446446,30,0xEE,0x18,0x16,0,,,0xE4,0xE4,1,ee 18 16 e0 c3 5e 2b b2 d7 8a 56 b4 02 7c e0 03 1f f8 c0 07 3e f0 81 0f 7c e4
583546583,100137,0xEE,0x18,0x16,0,,,0xE4,0xE4,1,ee 18 16 e0 c3 5e 2b b2 d7 8a 56 b4 02 7c e0 03 1f f8 c0 07 3e f0 81 0f 7c e4
583546674,91,0xEE,0x18,0x16,0,,,0x98,0x98,1,ee 18 16 e0 c3 5e 2b b0 d7 8a 56 b4 02 7c e0 03 1f f8 c0 07 3e f0 81 0f 7c 98
583546709,35,0xEE,0x18,0x16,0,,,0xE4,0xE4,1,ee 18 16 e0 c3 5e 2b b2 d7 8a 56 b4 02 7c e0 03 1f f8 c0 07 3e f0 81 0f 7c e4
583546740,31,0xEE,0x18,0x16,0,,,0xE4,0xE4,1,ee 18 16 e0 c3 5e 2b b2 d7 8a 56 b4 02 7c e0 03 1f f8 c0 07 3e f0 81 0f 7c e4
583646932,100192,0xEE,0x18,0x16,0,,,0x98,0x98,1,ee 18 16 e0 c3 5e 2b b0 d7 8a 56 b4 02 7c e0 03 1f f8 c0 07 3e f0 81 0f 7c 98
583647024,92,0xEE,0x18,0x16,0,,,0xE4,0xE4,1,ee 18 16 e0 c3 5e 2b b2 d7 8a 56 b4 02 7c e0 03 1f f8 c0 07 3e f0 81 0f 7c e4
583647060,36,0xEE,0x18,0x16,0,,,0x66,0x66,1,ee 18 16 df c3 5e 2b b2 d7 8a 56 b4 02 7c e0 03 1f f8 c0 07 3e f0 81 0f 7c 66
583647093,33,0xEE,0x18,0x16,0,,,0xE4,0xE4,1,ee 18 16 e0 c3 5e 2b b2 d7 8a 56 b4 02 7c e0 03 1f f8 c0 07 3e f0 81 0f 7c e4
583647136,43,0xEE,0x10,0x00,0,,,0x2B,0x75,0,ee 10 00 03 0d 40 ff ff ff c4 c1 ee 18 16 e0 c3 5e 2b
583747245,100109,0xEE,0x18,0x16,0,,,0x60,0x60,1,ee 18 16 e0 c3 5e 2b b4 d7 8a 56 b4 02 7c e0 03 1f f8 c0 07 3e f0 81 0f 7c 60
583747336,91,0xEE,0x18,0x16,0,,,0xE4,0xE4,1,ee 18 16 e0 c3 5e 2b b2 d7 8a 56 b4 02 7c e0 03 1f f8 c0 07 3e f0 81 0f 7c e4
583747371,35,0xEE,0x18,0x16,0,,,0xE4,0xE4,1,ee 18 16 e0 c3 5e 2b b2 d7 8a 56 b4 02 7c e0 03 1f f8 c0 07 3e f0 81 0f 7c e4
583747403,32,0xEE,0x18,0x16,0,,,0xE4,0xE4,1,ee 18 16 e0 c3 5e 2b b2 d7 8a 56 b4 02 7c e0 03 1f f8 c0 07 3e f0 81 0f 7c e4
583747433,30,0xEE,0x18,0x16,0,,,0xE4,0xE4,1,ee 18 16 e0 c3 5e 2b b2 d7 8a 56 b4 02 7c e0 03 1f f8 c0 07 3e f0 81 0f 7c e4
583747464,31,0xEE,0x18,0x16,0,,,0xE4,0xE4,1,ee 18 16 e0 c3 5e 2b b2 d7 8a 56 b4 02 7c e0 03 1f f8 c0 07 3e f0 81 0f 7c e4
583847582,100118,0xEE,0x18,0x16,0,,,0xE4,0xE4,1,ee 18 16 e0 c3 5e 2b b2 d7 8a 56 b4 02 7c e0 03 1f f8 c0 07 3e f0 81 0f 7c e4
583847693,111,0xEE,0x18,0x16,0,,,0xE4,0xE4,1,ee 18 16 e0 c3 5e 2b b2 d7 8a 56 b4 02 7c e0 03 1f f8 c0 07 3e f0 81 0f 7c e4
583847739,46,0xEE,0x18,0x16,0,,,0xE4,0xE4,1,ee 18 16 e0 c3 5e 2b b2 d7 8a 56 b4 02 7c e0 03 1f f8 c0 07 3e f0 81 0f 7c e4
583847783,44,0xEE,0x10,0x00,0,,,0x2B,0x75,0,ee 10 00 03 0d 40 00 00 01 86 f0 ee 18 16 e0 c3 5e 2b
583847820,37,0xEE,0x18,0x16,0,,,0x98,0x98,1,ee 18 16 e0 c3 5e 2b b0 d7 8a 56 b4 02 7c e0 03 1f f8 c0 07 3e f0 81 0f 7c 98
583947975,100155,0xEE,0x18,0x16,0,,,0xE4,0xE4,1,ee 18 16 e0 c3 5e 2b b2 d7 8a 56 b4 02 7c e0 03 1f f8 c0 07 3e f0 81 0f 7c e4
583948094,119,0xEE,0x18,0x16,0,,,0x98,0x98,1,ee 18 16 e0 c3 5e 2b b0 d7 8a 56 b4 02 7c e0 03 1f f8 c0 07 3e f0 81 0f 7c 98
583948143,49,0xEE,0x18,0x16,0,,,0x37,0x37,1,ee 18 16 df d3 5e 2b b2 d7 8a 56 b4 02 7c e0 03 1f f8 c0 07 3e f0 81 0f 7c 37
583948186,43,0xEE,0x18,0x16,0,,,0x44,0x44,1,ee 18 16 e0 bb 5e 2b b2 d7 8a 56 b4 02 7c e0 03 1f f8 c0 07 3e f0 81 0f 7c 44
584048329,100143,0xEE,0x18,0x16,0,,,0xE4,0xE4,1,ee 18 16 e0 c3 5e 2b b2 d7 8a 56 b4 02 7c e0 03 1f f8 c0 07 3e f0 81 0f 7c e4
584048437,108,0xEE,0x18,0x16,0,,,0x66,0x66,1,ee 18 16 df c3 5e 2b b2 d7 8a 56 b4 02 7c e0 03 1f f8 c0 07 3e f0 81 0f 7c 66
584048481,44,0xEE,0x18,0x16,0,,,0x60,0x60,1,ee 18 16 e0 c3 5e 2b b4 d7 8a 56 b4 02 7c e0 03 1f f8 c0 07 3e f0 81 0f 7c 60
584048520,39,0xEE,0x18,0x16,0,,,0xE4,0xE4,1,ee 18 16 e0 c3 5e 2b b2 d7 8a 56 b4 02 7c e0 03 1f f8 c0 07 3e f0 81 0f 7c e4
584048559,39,0xEE,0x10,0x00,0,,,0x2B,0x75,0,ee 10 00 03 0d 40 ff ff ff ec 4c ee 18 16 e0 c3 5e 2b
584148676,100117,0xEE,0x18,0x16,0,,,0x73,0x73,1,ee 18 16 e0 c3 5e 2b ae d7 8a 56 b4 02 7c e0 03 1f f8 c0 07 3e f0 81 0f 7c 73
584148780,104,0xEE,0x18,0x16,0,,,0xE4,0xE4,1,ee 18 16 e0 c3 5e 2b b2 d7 8a 56 b4 02 7c e0 03 1f f8 c0 07 3e f0 81 0f 7c e4
584148828,48,0xEE,0x18,0x16,0,,,0xE4,0xE4,1,ee 18 16 e0 c3 5e 2b b2 d7 8a 56 b4 02 7c e0 03 1f f8 c0 07 3e f0 81 0f 7c e4
584148868,40,0xEE,0x18,0x16,0,,,0xE4,0xE4,1,ee 18 16 e0 c3 5e 2b b2 d7 8a 56 b4 02 7c e0 03 1f f8 c0 07 3e f0 81 0f 7c e4
584148907,39,0xEE,0x18,0x16,0,,,0xC9,0xC9,1,ee 18 16 e0 d3 5e 2b b0 d7 8a 56 b4 02 7c e0 03 1f f8 c0 07 3e f0 81 0f 7c c9
584148945,38,0xEE,0x18,0x16,0,,,0xE4,0xE4,1,ee 18 16 e0 c3 5e 2b b2 d7 8a 56 b4 02 7c e0 03 1f f8 c0 07 3e f0 81 0f 7c e4
584249076,100131,0xEE,0x18,0x16,0,,,0xB5,0xB5,1,ee 18 16 e0 d3 5e 2b b2 d7 8a 56 b4 02 7c e0 03 1f f8 c0 07 3e f0 81 0f 7c b5
584249183,107,0xEE,0x18,0x16,0,,,0x44,0x44,1,ee 18 16 e0 bb 5e 2b b2 d7 8a 56 b4 02 7c e0 03 1f f8 c0 07 3e f0 81 0f 7c 44
584249233,50,0xEE,0x18,0x16,0,,,0x66,0x66,1,ee 18 16 df c3 5e 2b b2 d7 8a 56 b4 02 7c e0 03 1f f8 c0 07 3e f0 81 0f 7c 66
584249277,44,0xEE,0x10,0x00,0,,,0x2B,0x75,0,ee 10 00 03 0d 40 00 00 00 e6 c2 ee 18 16 e0 c3 5e 2b
584249311,34,0xEE,0x18,0x16,0,,,0xE4,0xE4,1,ee 18 16 e0 c3 5e 2b b2 d7 8a 56 b4 02 7c e0 03 1f f8 c0 07 3e f0 81 0f 7c e4
584349465,100154,0xEE,0x18,0x16,0,,,0x60,0x60,1,ee 18 16 e0 c3 5e 2b b4 d7 8a 56 b4 02 7c e0 03 1f f8 c0 07 3e f0 81 0f 7c 60
584349586,121,0xEE,0x18,0x16,0,,,0x73,0x73,1,ee 18 16 e0 c3 5e 2b ae d7 8a 56 b4 02 7c e0 03 1f f8 c0 07 3e f0 81 0f 7c 73
584349636,50,0xEE,0x18,0x16,0,,,0x98,0x98,1,ee 18 16 e0 c3 5e 2b b0 d7 8a 56 b4 02 7c e0 03 1f f8 c0 07 3e f0 81 0f 7c 98
584349679,43,0xEE,0x18,0x16,0,,,0xE4,0xE4,1,ee 18 16 e0 c3 5e 2b b2 d7 8a 56 b4 02 7c e0 03 1f f8 c0 07 3e f0 81 0f 7c e4
584449818,100139,0xEE,0x18,0x16,0,,,0xE4,0xE4,1,ee 18 16 e0 c3 5e 2b b2 d7 8a 56 b4 02 7c e0 03 1f f8 c0 07 3e f0 81 0f 7c e4
584449926,108,0xEE,0x18,0x16,0,,,0xE4,0xE4,1,ee 18 16 e0 c3 5e 2b b2 d7 8a 56 b4 02 7c e0 03 1f f8 c0 07 3e f0 81 0f 7c e4
584449979,53,0xEE,0x18,0x16,0,,,0x60,0x60,1,ee 18 16 e0 c3 5e 2b b4 d7 8a 56 b4 02 7c e0 03 1f f8 c0 07 3e f0 81 0f 7c 60
584450022,43,0xEE,0x18,0x16,0,,,0x98,0x98,1,ee 18 16 e0 c3 5e 2b b0 d7 8a 56 b4 02 7c e0 03 1f f8 c0 07 3e f0 81 0f 7c 98
584450064,42,0xEE,0x10,0x00,0,,,0x2B,0x75,0,ee 10 00 03 0d 40 00 00 00 5a 0c ee 18 16 e0 c3 5e 2b
584550184,100120,0xEE,0x18,0x16,0,,,0xE4,0xE4,1,ee 18 16 e0 c3 5e 2b b2 d7 8a 56 b4 02 7c e0 03 1f f8 c0 07 3e f0 81 0f 7c e4
584550286,102,0xEE,0x18,0x16,0,,,0xE4,0xE4,1,ee 18 16 e0 c3 5e 2b b2 d7 8a 56 b4 02 7c e0 03 1f f8 c0 07 3e f0 81 0f 7c e4
584550333,47,0xEE,0x18,0x16,0,,,0xE4,0xE4,1,ee 18 16 e0 c3 5e 2b b2 d7 8a 56 b4 02 7c e0 03 1f f8 c0 07 3e f0 81 0f 7c e4
584550373,40,0xEE,0x18,0x16,0,,,0xE4,0xE4,1,ee 18 16 e0 c3 5e 2b b2 d7 8a 56 b4 02 7c e0 03 1f f8 c0 07 3e f0 81 0f 7c e4
584550411,38,0xEE,0x18,0x16,0,,,0xE4,0xE4,1,ee 18 16 e0 c3 5e 2b b2 d7 8a 56 b4 02 7c e0 03 1f f8 c0 07 3e f0 81 0f 7c e4
584550451,40,0xEE,0x18,0x16,0,,,0xE4,0xE4,1,ee 18 16 e0 c3 5e 2b b2 d7 8a 56 b4 02 7c e0 03 1f f8 c0 07 3e f0 81 0f 7c e4
584650638,100187,0xEE,0x18,0x16,0,,,0xE4,0xE4,1,ee 18 16 e0 c3 5e 2b b2 d7 8a 56 b4 02 7c e0 03 1f f8 c0 07 3e f0 81 0f 7c e4
584650774,136,0xEE,0x18,0x16,0,,,0xE4,0xE4,1,ee 18 16 e0 c3 5e 2b b2 d7 8a 56 b4 02 7c e0 03 1f f8 c0 07 3e f0 81 0f 7c e4
584650829,55,0xEE,0x18,0x16,0,,,0x98,0x98,1,ee 18 16 e0 c3 5e 2b b0 d7 8a 56 b4 02 7c e0 03 1f f8 c0 07 3e f0 81 0f 7c 98
584650874,45,0xEE,0x10,0x00,0,,,0x2B,0x75,0,ee 10 00 03 0d 40 00 00 00 c8 ce ee 18 16 e0 c3 5e 2b
584650910,36,0xEE,0x18,0x16,0,,,0xE4,0xE4,1,ee 18 16 e0 c3 5e 2b b2 d7 8a 56 b4 02 7c e0 03 1f f8 c0 07 3e f0 81 0f 7c e4
584751074,100164,0xEE,0x18,0x16,0,,,0xE4,0xE4,1,ee 18 16 e0 c3 5e 2b b2 d7 8a 56 b4 02 7c e0 03 1f f8 c0 07 3e f0 81 0f 7c e4
584751302,228,0xEE,0x18,0x16,0,,,0xE4,0xE4,1,ee 18 16 e0 c3 5e 2b b2 d7 8a 56 b4 02 7c e0 03 1f f8 c0 07 3e f0 81 0f 7c e4
584751425,123,0xEE,0x18,0x16,0,,,0xE4,0xE4,1,ee 18 16 e0 c3 5e 2b b2 d7 8a 56 b4 02 7c e0 03 1f f8 c0 07 3e f0 81 0f 7c e4
584751535,110,0xEE,0x18,0x16,0,,,0xE4,0xE4,1,ee 18 16 e0 c3 5e 2b b2 d7 8a 56 b4 02 7c e0 03 1f f8 c0 07 3e f0 81 0f 7c e4
584851745,100210,0xEE,0x18,0x16,0,,,0x98,0x98,1,ee 18 16 e0 c3 5e 2b b0 d7 8a 56 b4 02 7c e0 03 1f f8 c0 07 3e f0 81 0f 7c 98
584851972,227,0xEE,0x18,0x16,0,,,0xE2,0xE2,1,ee 18 16 df c3 5e 2b b4 d7 8a 56 b4 02 7c e0 03 1f f8 c0 07 3e f0 81 0f 7c e2
584852133,161,0xEE,0x18,0x16,0,,,0xE4,0xE4,1,ee 18 16 e0 c3 5e 2b b2 d7 8a 56 b4 02 7c e0 03 1f f8 c0 07 3e f0 81 0f 7c e4
584852245,112,0xEE,0x18,0x16,0,,,0xE4,0xE4,1,ee 18 16 e0 c3 5e 2b b2 d7 8a 56 b4 02 7c e0 03 1f f8 c0 07 3e f0 81 0f 7c e4
584852350,105,0xEE,0x10,0x00,0,,,0x2B,0x75,0,ee 10 00 03 0d 40 00 00 01 04 60 ee 18 16 e0 c3 5e 2b
584852448,98,0xEE,0x18,0x16,0,,,0xE4,0xE4,1,ee 18 16 e0 c3 5e 2b b2 d7 8a 56 b4 02 7c e0 03 1f f8 c0 07 3e f0 81 0f 7c e4
584952663,100215,0xEE,0x18,0x16,0,,,0xE4,0xE4,1,ee 18 16 e0 c3 5e 2b b2 d7 8a 56 b4 02 7c e0 03 1f f8 c0 07 3e f0 81 0f 7c e4
584952950,287,0xEE,0x18,0x16,0,,,0xE4,0xE4,1,ee 18 16 e0 c3 5e 2b b2 d7 8a 56 b4 02 7c e0 03 1f f8 c0 07 3e f0 81 0f 7c e4
584953023,73,0xEE,0x18,0x16,0,,,0xE4,0xE4,1,ee 18 16 e0 c3 5e 2b b2 d7 8a 56 b4 02 7c e0 03 1f f8 c0 07 3e f0 81 0f 7c e4
584953067,44,0xEE,0x18,0x16,0,,,0xE4,0xE4,1,ee 18 16 e0 c3 5e 2b b2 d7 8a 56 b4 02 7c e0 03 1f f8 c0 07 3e f0 81 0f 7c e4
584953108,41,0xEE,0x18,0x16,0,,,0xE4,0xE4,1,ee 18 16 e0 c3 5e 2b b2 d7 8a 56 b4 02 7c e0 03 1f f8 c0 07 3e f0 81 0f 7c e4
585053255,100147,0xEE,0x18,0x16,0,,,0xE4,0xE4,1,ee 18 16 e0 c3 5e 2b b2 d7 8a 56 b4 02 7c e0 03 1f f8 c0 07 3e f0 81 0f 7c e4
585053484,229,0xEE,0x18,0x16,0,,,0xE4,0xE4,1,ee 18 16 e0 c3 5e 2b b2 d7 8a 56 b4 02 7c e0 03 1f f8 c0 07 3e f0 81 0f 7c e4
585053610,126,0xEE,0x18,0x16,0,,,0x77,0x77,1,ee 18 16 e0 db 5e 2b b2 d7 8a 56 b4 02 7c e0 03 1f f8 c0 07 3e f0 81 0f 7c 77
585053716,106,0xEE,0x10,0x00,0,,,0x2B,0x75,0,ee 10 00 03 0d 40 00 00 00 64 52 ee 18 16 e0 c3 5e 2b
585053813,97,0xEE,0x18,0x16,0,,,0xE4,0xE4,1,ee 18 16 e0 c3 5e 2b b2 d7 8a 56 b4 02 7c e0 03 1f f8 c0 07 3e f0 81 0f 7c e4
585154021,100208,0xEE,0x18,0x16,0,,,0x66,0x66,1,ee 18 16 df c3 5e 2b b2 d7 8a 56 b4 02 7c e0 03 1f f8 c0 07 3e f0 81 0f 7c 66
585154144,123,0xEE,0x18,0x16,0,,,0x98,0x98,1,ee 18 16 e0 c3 5e 2b b0 d7 8a 56 b4 02 7c e0 03 1f f8 c0 07 3e f0 81 0f 7c 98
585154193,49,0xEE,0x18,0x16,0,,,0x98,0x98,1,ee 18 16 e0 c3 5e 2b b0 d7 8a 56 b4 02 7c e0 03 1f f8 c0 07 3e f0 81 0f 7c 98
585154235,42,0xEE,0x18,0x16,0,,,0x66,0x66,1,ee 18 16 df c3 5e 2b b2 d7 8a 56 b4 02 7c e0 03 1f f8 c0 07 3e f0 81 0f 7c 66
585254379,100144,0xEE,0x18,0x16,0,,,0x98,0x98,1,ee 18 16 e0 c3 5e 2b b0 d7 8a 56 b4 02 7c e0 03 1f f8 c0 07 3e f0 81 0f 7c 98
585254615,236,0xEE,0x18,0x16,0,,,0xE4,0xE4,1,ee 18 16 e0 c3 5e 2b b2 d7 8a 56 b4 02 7c e0 03 1f f8 c0 07 3e f0 81 0f 7c e4
585254740,125,0xEE,0x18,0x16,0,,,0x73,0x73,1,ee 18 16 e0 c3 5e 2b ae d7 8a 56 b4 02 7c e0 03 1f f8 c0 07 3e f0 81 0f 7c 73
585254846,106,0xEE,0x18,0x16,0,,,0xE4,0xE4,1,ee 18 16 e0 c3 5e 2b b2 d7 8a 56 b4 02 7c e0 03 1f f8 c0 07 3e f0 81 0f 7c e4
585254957,111,0xEE,0x10,0x00,0,,,0x2B,0x75,0,ee 10 00 03 0d 40 00 00 00 6e 04 ee 18 16 e0 c3 5e 2b
585255058,101,0xEE,0x18,0x16,0,,,0xF1,0xF1,1,ee 18 16 df c3 5e 2b ae d7 8a 56 b4 02 7c e0 03 1f f8 c0 07 3e f0 81 0f 7c f1
585355278,100220,0xEE,0x18,0x16,0,,,0xE4,0xE4,1,ee 18 16 e0 c3 5e 2b b2 d7 8a 56 b4 02 7c e0 03 1f f8 c0 07 3e f0 81 0f 7c e4
585355405,127,0xEE,0x18,0x16,0,,,0x66,0x66,1,ee 18 16 df c3 5e 2b b2 d7 8a 56 b4 02 7c e0 03 1f f8 c0 07 3e f0 81 0f 7c 66
585355455,50,0xEE,0x18,0x16,0,,,0xE4,0xE4,1,ee 18 16 e0 c3 5e 2b b2 d7 8a 56 b4 02 7c e0 03 1f f8 c0 07 3e f0 81 0f 7c e4
585355497,42,0xEE,0x18,0x16,0,,,0xE4,0xE4,1,ee 18 16 e0 c3 5e 2b b2 d7 8a 56 b4 02 7c e0 03 1f f8 c0 07 3e f0 81 0f 7c e4
585355539,42,0xEE,0x18,0x16,0,,,0x60,0x60,1,ee 18 16 e0 c3 5e 2b b4 d7 8a 56 b4 02 7c e0 03 1f f8 c0 07 3e f0 81 0f 7c 60
585455686,100147,0xEE,0x18,0x16,0,,,0xE4,0xE4,1,ee 18 16 e0 c3 5e 2b b2 d7 8a 56 b4 02 7c e0 03 1f f8 c0 07 3e f0 81 0f 7c e4
585455931,245,0xEE,0x18,0x16,0,,,0x98,0x98,1,ee 18 16 e0 c3 5e 2b b0 d7 8a 56 b4 02 7c e0 03 1f f8 c0 07 3e f0 81 0f 7c 98
585456073,142,0xEE,0x18,0x16,0,,,0x98,0x98,1,ee 18 16 e0 c3 5e 2b b0 d7 8a 56 b4 02 7c e0 03 1f f8 c0 07 3e f0 81 0f 7c 98
585456198,125,0xEE,0x10,0x00,0,,,0x2B,0x75,0,ee 10 00 03 0d 40 00 00 00 e6 c2 ee 18 16 e0 c3 5e 2b
585456295,97,0xEE,0x18,0x16,0,,,0xE4,0xE4,1,ee 18 16 e0 c3 5e 2b b2 d7 8a 56 b4 02 7c e0 03 1f f8 c0 07 3e f0 81 0f 7c e4
585556498,100203,0xEE,0x18,0x16,0,,,0xE4,0xE4,1,ee 18 16 e0 c3 5e 2b b2 d7 8a 56 b4 02 7c e0 03 1f f8 c0 07 3e f0 81 0f 7c e4
585556737,239,0xEE,0x18,0x16,0,,,0xB5,0xB5,1,ee 18 16 e0 d3 5e 2b b2 d7 8a 56 b4 02 7c e0 03 1f f8 c0 07 3e f0 81 0f 7c b5
585556805,68,0xEE,0x18,0x16,0,,,0xE4,0xE4,1,ee 18 16 e0 c3 5e 2b b2 d7 8a 56 b4 02 7c e0 03 1f f8 c0 07 3e f0 81 0f 7c e4
585556847,42,0xEE,0x18,0x16,0,,,0xE4,0xE4,1,ee 18 16 e0 c3 5e 2b b2 d7 8a 56 b4 02 7c e0 03 1f f8 c0 07 3e f0 81 0f 7c e4
585556888,41,0xEE,0x18,0x16,0,,,0xE4,0xE4,1,ee 18 16 e0 c3 5e 2b b2 d7 8a 56 b4 02 7c e0 03 1f f8 c0 07 3e f0 81 0f 7c e4
585657072,100184,0xEE,0x18,0x16,0,,,0xE4,0xE4,1,ee 18 16 e0 c3 5e 2b b2 d7 8a 56 b4 02 7c e0 03 1f f8 c0 07 3e f0 81 0f 7c e4
585658225,1153,0xEE,0x18,0x16,0,,,0xE4,0xE4,1,ee 18 16 e0 c3 5e 2b b2 d7 8a 56 b4 02 7c e0 03 1f f8 c0 07 3e f0 81 0f 7c e4
585658406,181,0xEE,0x18,0x16,0,,,0xE4,0xE4,1,ee 18 16 e0 c3 5e 2b b2 d7 8a 56 b4 02 7c e0 03 1f f8 c0 07 3e f0 81 0f 7c e4
585658531,125,0xEE,0x10,0x00,0,,,0x2B,0x75,0,ee 10 00 03 0d 40 00 00 00 dc 62 ee 18 16 e0 c3 5e 2b
585658634,103,0xEE,0x18,0x16,0,,,0xE4,0xE4,1,ee 18 16 e0 c3 5e 2b b2 d7 8a 56 b4 02 7c e0 03 1f f8 c0 07 3e f0 81 0f 7c e4
585758855,100221,0xEE,0x18,0x16,0,,,0xE4,0xE4,1,ee 18 16 e0 c3 5e 2b b2 d7 8a 56 b4 02 7c e0 03 1f f8 c0 07 3e f0 81 0f 7c e4
585758970,115,0xEE,0x18,0x16,0,,,0xE4,0xE4,1,ee 18 16 e0 c3 5e 2b b2 d7 8a 56 b4 02 7c e0 03 1f f8 c0 07 3e f0 81 0f 7c e4
585759020,50,0xEE,0x18,0x16,0,,,0x0B,0x0B,1,ee 18 16 e0 db 5e 2b b0 d7 8a 56 b4 02 7c e0 03 1f f8 c0 07 3e f0 81 0f 7c 0b
585759067,47,0xEE,0x18,0x16,0,,,0xE4,0xE4,1,ee 18 16 e0 c3 5e 2b b2 d7 8a 56 b4 02 7c e0 03 1f f8 c0 07 3e f0 81 0f 7c e4
585759110,43,0xEE,0x18,0x16,0,,,0x60,0x60,1,ee 18 16 e0 c3 5e 2b b4 d7 8a 56 b4 02 7c e0 03 1f f8 c0 07 3e f0 81 0f 7c 60
585859266,100156,0xEE,0x18,0x16,0,,,0x60,0x60,1,ee 18 16 e0 c3 5e 2b b4 d7 8a 56 b4 02 7c e0 03 1f f8 c0 07 3e f0 81 0f 7c 60
585859389,123,0xEE,0x18,0x16,0,,,0x98,0x98,1,ee 18 16 e0 c3 5e 2b b0 d7 8a 56 b4 02 7c e0 03 1f f8 c0 07 3e f0 81 0f 7c 98
585859435,46,0xEE,0x18,0x16,0,,,0xE4,0xE4,1,ee 18 16 e0 c3 5e 2b b2 d7 8a 56 b4 02 7c e0 03 1f f8 c0 07 3e f0 81 0f 7c e4
585859478,43,0xEE,0x10,0x00,0,,,0x2B,0x75,0,ee 10 00 03 0d 40 00 00 00 0a c3 ee 18 16 e0 c3 5e 2b
585859512,34,0xEE,0x18,0x16,0,,,0x98,0x98,1,ee 18 16 e0 c3 5e 2b b0 d7 8a 56 b4 02 7c e0 03 1f f8 c0 07 3e f0 81 0f 7c 98
585959664,100152,0xEE,0x18,0x16,0,,,0x73,0x73,1,ee 18 16 e0 c3 5e 2b ae d7 8a 56 b4 02 7c e0 03 1f f8 c0 07 3e f0 81 0f 7c 73
585959818,154,0xEE,0x18,0x16,0,,,0xE4,0xE4,1,ee 18 16 e0 c3 5e 2b b2 d7 8a 56 b4 02 7c e0 03 1f f8 c0 07 3e f0 81 0f 7c e4
585959870,52,0xEE,0x18,0x16,0,,,0xE4,0xE4,1,ee 18 16 e0 c3 5e 2b b2 d7 8a 56 b4 02 7c e0 03 1f f8 c0 07 3e f0 81 0f 7c e4
585959923,53,0xEE,0x18,0x16,0,,,0xE4,0xE4,1,ee 18 16 e0 c3 5e 2b b2 d7 8a 56 b4 02 7c e0 03 1f f8 c0 07 3e f0 81 0f 7c e4
585959967,44,0xEE,0x18,0x16,0,,,0x98,0x98,1,ee 18 16 e0 c3 5e 2b b0 d7 8a 56 b4 02 7c e0 03 1f f8 c0 07 3e f0 81 0f 7c 98
586060141,100174,0xEE,0x18,0x16,0,,,0x98,0x98,1,ee 18 16 e0 c3 5e 2b b0 d7 8a 56 b4 02 7c e0 03 1f f8 c0 07 3e f0 81 0f 7c 98
586060261,120,0xEE,0x18,0x16,0,,,0xE4,0xE4,1,ee 18 16 e0 c3 5e 2b b2 d7 8a 56 b4 02 7c e0 03 1f f8 c0 07 3e f0 81 0f 7c e4
586060306,45,0xEE,0x18,0x16,0,,,0xE4,0xE4,1,ee 18 16 e0 c3 5e 2b b2 d7 8a 56 b4 02 7c e0 03 1f f8 c0 07 3e f0 81 0f 7c e4
586060347,41,0xEE,0x10,0x00,0,,,0x2B,0x75,0,ee 10 00 03 0d 40 00 00 00 a0 de ee 18 16 e0 c3 5e 2b
586060381,34,0xEE,0x18,0x16,0,,,0xE4,0xE4,1,ee 18 16 e0 c3 5e 2b b2 d7 8a 56 b4 02 7c e0 03 1f f8 c0 07 3e f0 81 0f 7c e4
586160531,100150,0xEE,0x18,0x16,0,,,0x98,0x98,1,ee 18 16 e0 c3 5e 2b b0 d7 8a 56 b4 02 7c e0 03 1f f8 c0 07 3e f0 81 0f 7c 98
586160655,124,0xEE,0x18,0x16,0,,,0xE4,0xE4,1,ee 18 16 e0 c3 5e 2b b2 d7 8a 56 b4 02 7c e0 03 1f f8 c0 07 3e f0 81 0f 7c e4
586160703,48,0xEE,0x18,0x16,0,,,0xE4,0xE4,1,ee 18 16 e0 c3 5e 2b b2 d7 8a 56 b4 02 7c e0 03 1f f8 c0 07 3e f0 81 0f 7c e4
586160746,43,0xEE,0x18,0x16,0,,,0xE4,0xE4,1,ee 18 16 e0 c3 5e 2b b2 d7 8a 56 b4 02 7c e0 03 1f f8 c0 07 3e f0 81 0f 7c e4
586160788,42,0xEE,0x18,0x16,0,,,0xF7,0xF7,1,ee 18 16 e0 c3 5e 2b a8 d7 8a 56 b4 02 7c e0 03 1f f8 c0 07 3e f0 81 0f 7c f7
586260984,100196,0xEE,0x18,0x16,0,,,0xE4,0xE4,1,ee 18 16 e0 c3 5e 2b b2 d7 8a 56 b4 02 7c e0 03 1f f8 c0 07 3e f0 81 0f 7c e4
586261129,145,0xEE,0x18,0x16,0,,,0x73,0x73,1,ee 18 16 e0 c3 5e 2b ae d7 8a 56 b4 02 7c e0 03 1f f8 c0 07 3e f0 81 0f 7c 73
586261181,52,0xEE,0x18,0x16,0,,,0xE4,0xE4,1,ee 18 16 e0 c3 5e 2b b2 d7 8a 56 b4 02 7c e0 03 1f f8 c0 07 3e f0 81 0f 7c e4
586261226,45,0xEE,0x10,0x00,0,,,0x2B,0x75,0,ee 10 00 03 0d 40 00 00 00 be 24 ee 18 16 e0 c3 5e 2b
586261263,37,0xEE,0x18,0x16,0,,,0xE4,0xE4,1,ee 18 16 e0 c3 5e 2b b2 d7 8a 56 b4 02 7c e0 03 1f f8 c0 07 3e f0 81 0f 7c e4
586364102,102839,0xEE,0x18,0x16,0,,,0xE4,0xE4,1,ee 18 16 e0 c3 5e 2b b2 d7 8a 56 b4 02 7c e0 03 1f f8 c0 07 3e f0 81 0f 7c e4
586364230,128,0xEE,0x18,0x16,0,,,0xE4,0xE4,1,ee 18 16 e0 c3 5e 2b b2 d7 8a 56 b4 02 7c e0 03 1f f8 c0 07 3e f0 81 0f 7c e4
586364298,68,0xEE,0x18,0x16,0,,,0xE4,0xE4,1,ee 18 16 e0 c3 5e 2b b2 d7 8a 56 b4 02 7c e0 03 1f f8 c0 07 3e f0 81 0f 7c e4
586364341,43,0xEE,0x18,0x16,0,,,0xE4,0xE4,1,ee 18 16 e0 c3 5e 2b b2 d7 8a 56 b4 02 7c e0 03 1f f8 c0 07 3e f0 81 0f 7c e4
586364380,39,0xEE,0x18,0x16,0,,,0xE4,0xE4,1,ee 18 16 e0 c3 5e 2b b2 d7 8a 56 b4 02 7c e0 03 1f f8 c0 07 3e f0 81 0f 7c e4
586464544,100164,0xEE,0x18,0x16,0,,,0xE4,0xE4,1,ee 18 16 e0 c3 5e 2b b2 d7 8a 56 b4 02 7c e0 03 1f f8 c0 07 3e f0 81 0f 7c e4
586464674,130,0xEE,0x18,0x16,0,,,0x98,0x98,1,ee 18 16 e0 c3 5e 2b b0 d7 8a 56 b4 02 7c e0 03 1f f8 c0 07 3e f0 81 0f 7c 98
586464725,51,0xEE,0x18,0x16,0,,,0xE4,0xE4,1,ee 18 16 e0 c3 5e 2b b2 d7 8a 56 b4 02 7c e0 03 1f f8 c0 07 3e f0 81 0f 7c e4
586464770,45,0xEE,0x10,0x00,0,,,0x2B,0x75,0,ee 10 00 03 0d 40 00 00 00 d2 ca ee 18 16 e0 c3 5e 2b
586464806,36,0xEE,0x18,0x16,0,,,0xE4,0xE4,1,ee 18 16 e0 c3 5e 2b b2 d7 8a 56 b4 02 7c e0 03 1f f8 c0 07 3e f0 81 0f 7c e4
586564941,100135,0xEE,0x18,0x16,0,,,0xE4,0xE4,1,ee 18 16 e0 c3 5e 2b b2 d7 8a 56 b4 02 7c e0 03 1f f8 c0 07 3e f0 81 0f 7c e4
586565066,125,0xEE,0x18,0x16,0,,,0x98,0x98,1,ee 18 16 e0 c3 5e 2b b0 d7 8a 56 b4 02 7c e0 03 1f f8 c0 07 3e f0 81 0f 7c 98
586565113,47,0xEE,0x18,0x16,0,,,0xB5,0xB5,1,ee 18 16 e0 d3 5e 2b b2 d7 8a 56 b4 02 7c e0 03 1f f8 c0 07 3e f0 81 0f 7c b5
586565158,45,0xEE,0x18,0x16,0,,,0xE4,0xE4,1,ee 18 16 e0 c3 5e 2b b2 d7 8a 56 b4 02 7c e0 03 1f f8 c0 07 3e f0 81 0f 7c e4
586565200,42,0xEE,0x18,0x16,0,,,0x60,0x60,1,ee 18 16 e0 c3 5e 2b b4 d7 8a 56 b4 02 7c e0 03 1f f8 c0 07 3e f0 81 0f 7c 60
586565243,43,0xEE,0x18,0x16,0,,,0xE4,0xE4,1,ee 18 16 e0 c3 5e 2b b2 d7 8a 56 b4 02 7c e0 03 1f f8 c0 07 3e f0 81 0f 7c e4
586665422,100179,0xEE,0x18,0x16,0,,,0x98,0x98,1,ee 18 16 e0 c3 5e 2b b0 d7 8a 56 b4 02 7c e0 03 1f f8 c0 07 3e f0 81 0f 7c 98
586665538,116,0xEE,0x18,0x16,0,,,0x60,0x60,1,ee 18 16 e0 c3 5e 2b b4 d7 8a 56 b4 02 7c e0 03 1f f8 c0 07 3e f0 81 0f 7c 60
586665587,49,0xEE,0x10,0x00,0,,,0x2B,0x75,0,ee 10 00 03 0d 40 ff ff ff ce 97 ee 18 16 e0 c3 5e 2b
586665626,39,0xEE,0x18,0x16,0,,,0x98,0x98,1,ee 18 16 e0 c3 5e 2b b0 d7 8a 56 b4 02 7c e0 03 1f f8 c0 07 3e f0 81 0f 7c 98
586765793,100167,0xEE,0x18,0x16,0,,,0xE4,0xE4,1,ee 18 16 e0 c3 5e 2b b2 d7 8a 56 b4 02 7c e0 03 1f f8 c0 07 3e f0 81 0f 7c e4
586765921,128,0xEE,0x18,0x16,0,,,0xE4,0xE4,1,ee 18 16 e0 c3 5e 2b b2 d7 8a 56 b4 02 7c e0 03 1f f8 c0 07 3e f0 81 0f 7c e4
586765968,47,0xEE,0x18,0x16,0,,,0x98,0x98,1,ee 18 16 e0 c3 5e 2b b0 d7 8a 56 b4 02 7c e0 03 1f f8 c0 07 3e f0 81 0f 7c 98
586766013,45,0xEE,0x18,0x16,0,,,0xE4,0xE4,1,ee 18 16 e0 c3 5e 2b b2 d7 8a 56 b4 02 7c e0 03 1f f8 c0 07 3e f0 81 0f 7c e4
586766055,42,0xEE,0x18,0x16,0,,,0xB5,0xB5,1,ee 18 16 e0 d3 5e 2b b2 d7 8a 56 b4 02 7c e0 03 1f f8 c0 07 3e f0 81 0f 7c b5
586866208,100153,0xEE,0x18,0x16,0,,,0xE4,0xE4,1,ee 18 16 e0 c3 5e 2b b2 d7 8a 56 b4 02 7c e0 03 1f f8 c0 07 3e f0 81 0f 7c e4
586866334,126,0xEE,0x18,0x16,0,,,0xE4,0xE4,1,ee 18 16 e0 c3 5e 2b b2 d7 8a 56 b4 02 7c e0 03 1f f8 c0 07 3e f0 81 0f 7c e4
586866380,46,0xEE,0x18,0x16,0,,,0xE4,0xE4,1,ee 18 16 e0 c3 5e 2b b2 d7 8a 56 b4 02 7c e0 03 1f f8 c0 07 3e f0 81 0f 7c e4
586866422,42,0xEE,0x10,0x00,0,,,0x2B,0x75,0,ee 10 00 03 0d 40 00 00 01 cc 3b ee 18 16 e0 c3 5e 2b
586866458,36,0xEE,0x18,0x16,0,,,0xE4,0xE4,1,ee 18 16 e0 c3 5e 2b b2 d7 8a 56 b4 02 7c e0 03 1f f8 c0 07 3e f0 81 0f 7c e4
586966595,100137,0xEE,0x18,0x16,0,,,0x98,0x98,1,ee 18 16 e0 c3 5e 2b b0 d7 8a 56 b4 02 7c e0 03 1f f8 c0 07 3e f0 81 0f 7c 98
586966716,121,0xEE,0x18,0x16,0,,,0xE4,0xE4,1,ee 18 16 e0 c3 5e 2b b2 d7 8a 56 b4 02 7c e0 03 1f f8 c0 07 3e f0 81 0f 7c e4
586966765,49,0xEE,0x18,0x16,0,,,0x44,0x44,1,ee 18 16 e0 bb 5e 2b b2 d7 8a 56 b4 02 7c e0 03 1f f8 c0 07 3e f0 81 0f 7c 44
586966812,47,0xEE,0x18,0x16,0,,,0xB5,0xB5,1,ee 18 16 e0 d3 5e 2b b2 d7 8a 56 b4 02 7c e0 03 1f f8 c0 07 3e f0 81 0f 7c b5
586966857,45,0xEE,0x18,0x16,0,,,0xE4,0xE4,1,ee 18 16 e0 c3 5e 2b b2 d7 8a 56 b4 02 7c e0 03 1f f8 c0 07 3e f0 81 0f 7c e4
586966901,44,0xEE,0x18,0x16,0,,,0x73,0x73,1,ee 18 16 e0 c3 5e 2b ae d7 8a 56 b4 02 7c e0 03 1f f8 c0 07 3e f0 81 0f 7c 73
587067077,100176,0xEE,0x18,0x16,0,,,0x98,0x98,1,ee 18 16 e0 c3 5e 2b b0 d7 8a 56 b4 02 7c e0 03 1f f8 c0 07 3e f0 81 0f 7c 98
587067206,129,0xEE,0x18,0x16,0,,,0xE4,0xE4,1,ee 18 16 e0 c3 5e 2b b2 d7 8a 56 b4 02 7c e0 03 1f f8 c0 07 3e f0 81 0f 7c e4
587067255,49,0xEE,0x10,0x00,0,,,0x2B,0x75,0,ee 10 00 03 0d 40 00 00 00 50 5a ee 18 16 e0 c3 5e 2b
587067291,36,0xEE,0x18,0x16,0,,,0x73,0x73,1,ee 18 16 e0 c3 5e 2b ae d7 8a 56 b4 02 7c e0 03 1f f8 c0 07 3e f0 81 0f 7c 73
587167442,100151,0xEE,0x18,0x16,0,,,0xE4,0xE4,1,ee 18 16 e0 c3 5e 2b b2 d7 8a 56 b4 02 7c e0 03 1f f8 c0 07 3e f0 81 0f 7c e4
587167571,129,0xEE,0x18,0x16,0,,,0xE4,0xE4,1,ee 18 16 e0 c3 5e 2b b2 d7 8a 56 b4 02 7c e0 03 1f f8 c0 07 3e f0 81 0f 7c e4
587167626,55,0xEE,0x18,0x16,0,,,0xE4,0xE4,1,ee 18 16 e0 c3 5e 2b b2 d7 8a 56 b4 02 7c e0 03 1f f8 c0 07 3e f0 81 0f 7c e4
587167671,45,0xEE,0x18,0x16,0,,,0xE4,0xE4,1,ee 18 16 e0 c3 5e 2b b2 d7 8a 56 b4 02 7c e0 03 1f f8 c0 07 3e f0 81 0f 7c e4
587167713,42,0xEE,0x18,0x16,0,,,0x60,0x60,1,ee 18 16 e0 c3 5e 2b b4 d7 8a 56 b4 02 7c e0 03 1f f8 c0 07 3e f0 81 0f 7c 60
587267854,100141,0xEE,0x18,0x16,0,,,0x98,0x98,1,ee 18 16 e0 c3 5e 2b b0 d7 8a 56 b4 02 7c e0 03 1f f8 c0 07 3e f0 81 0f 7c 98
587267981,127,0xEE,0x18,0x16,0,,,0x66,0x66,1,ee 18 16 df c3 5e 2b b2 d7 8a 56 b4 02 7c e0 03 1f f8 c0 07 3e f0 81 0f 7c 66
587268056,75,0xEE,0x18,0x16,0,,,0xB5,0xB5,1,ee 18 16 e0 d3 5e 2b b2 d7 8a 56 b4 02 7c e0 03 1f f8 c0 07 3e f0 81 0f 7c b5
587268102,46,0xEE,0x10,0x00,0,,,0x2B,0x75,0,ee 10 00 03 0d 40 00 00 00 6e 04 ee 18 16 e0 c3 5e 2b
587268141,39,0xEE,0x18,0x16,0,,,0xB5,0xB5,1,ee 18 16 e0 d3 5e 2b b2 d7 8a 56 b4 02 7c e0 03 1f f8 c0 07 3e f0 81 0f 7c b5
587268185,44,0xEE,0x18,0x16,0,,,0x98,0x98,1,ee 18 16 e0 c3 5e 2b b0 d7 8a 56 b4 02 7c e0 03 1f f8 c0 07 3e f0 81 0f 7c 98
587368353,100168,0xEE,0x18,0x16,0,,,0x98,0x98,1,ee 18 16 e0 c3 5e 2b b0 d7 8a 56 b4 02 7c e0 03 1f f8 c0 07 3e f0 81 0f 7c 98
587368490,137,0xEE,0x18,0x16,0,,,0xE4,0xE4,1,ee 18 16 e0 c3 5e 2b b2 d7 8a 56 b4 02 7c e0 03 1f f8 c0 07 3e f0 81 0f 7c e4
587368539,49,0xEE,0x18,0x16,0,,,0x98,0x98,1,ee 18 16 e0 c3 5e 2b b0 d7 8a 56 b4 02 7c e0 03 1f f8 c0 07 3e f0 81 0f 7c 98
587368584,45,0xEE,0x18,0x16,0,,,0xE4,0xE4,1,ee 18 16 e0 c3 5e 2b b2 d7 8a 56 b4 02 7c e0 03 1f f8 c0 07 3e f0 81 0f 7c e4
587368626,42,0xEE,0x18,0x16,0,,,0x98,0x98,1,ee 18 16 e0 c3 5e 2b b0 d7 8a 56 b4 02 7c e0 03 1f f8 c0 07 3e f0 81 0f 7c 98
587468783,100157,0xEE,0x18,0x16,0,,,0xE4,0xE4,1,ee 18 16 e0 c3 5e 2b b2 d7 8a 56 b4 02 7c e0 03 1f f8 c0 07 3e f0 81 0f 7c e4
587468908,125,0xEE,0x18,0x16,0,,,0x98,0x98,1,ee 18 16 e0 c3 5e 2b b0 d7 8a 56 b4 02 7c e0 03 1f f8 c0 07 3e f0 81 0f 7c 98
587468955,47,0xEE,0x10,0x00,0,,,0x2B,0x75,0,ee 10 00 03 0d 40 00 00 00 f0 11 ee 18 16 e0 c3 5e 2b
587468989,34,0xEE,0x18,0x16,0,,,0xE4,0xE4,1,ee 18 16 e0 c3 5e 2b b2 d7 8a 56 b4 02 7c e0 03 1f f8 c0 07 3e f0 81 0f 7c e4
587569135,100146,0xEE,0x18,0x16,0,,,0x73,0x73,1,ee 18 16 e0 c3 5e 2b ae d7 8a 56 b4 02 7c e0 03 1f f8 c0 07 3e f0 81 0f 7c 73
587569265,130,0xEE,0x18,0x16,0,,,0xE4,0xE4,1,ee 18 16 e0 c3 5e 2b b2 d7 8a 56 b4 02 7c e0 03 1f f8 c0 07 3e f0 81 0f 7c e4
587569316,51,0xEE,0x18,0x16,0,,,0xE4,0xE4,1,ee 18 16 e0 c3 5e 2b b2 d7 8a 56 b4 02 7c e0 03 1f f8 c0 07 3e f0 81 0f 7c e4
587569367,51,0xEE,0x18,0x16,0,,,0xE4,0xE4,1,ee 18 16 e0 c3 5e 2b b2 d7 8a 56 b4 02 7c e0 03 1f f8 c0 07 3e f0 81 0f 7c e4
587569410,43,0xEE,0x18,0x16,0,,,0xB5,0xB5,1,ee 18 16 e0 d3 5e 2b b2 d7 8a 56 b4 02 7c e0 03 1f f8 c0 07 3e f0 81 0f 7c b5
587669582,100172,0xEE,0x18,0x16,0,,,0x98,0x98,1,ee 18 16 e0 c3 5e 2b b0 d7 8a 56 b4 02 7c e0 03 1f f8 c0 07 3e f0 81 0f 7c 98
587669710,128,0xEE,0x18,0x16,0,,,0x1A,0x1A,1,ee 18 16 df c3 5e 2b b0 d7 8a 56 b4 02 7c e0 03 1f f8 c0 07 3e f0 81 0f 7c 1a
587669765,55,0xEE,0x18,0x16,0,,,0x60,0x60,1,ee 18 16 e0 c3 5e 2b b4 d7 8a 56 b4 02 7c e0 03 1f f8 c0 07 3e f0 81 0f 7c 60
587669810,45,0xEE,0x10,0x00,0,,,0x2B,0x75,0,ee 10 00 03 0d 40 00 00 00 5a 0c ee 18 16 e0 c3 5e 2b
587669845,35,0xEE,0x18,0x16,0,,,0xE4,0xE4,1,ee 18 16 e0 c3 5e 2b b2 d7 8a 56 b4 02 7c e0 03 1f f8 c0 07 3e f0 81 0f 7c e4
587669893,48,0xEE,0x18,0x16,0,,,0x98,0x98,1,ee 18 16 e0 c3 5e 2b b0 d7 8a 56 b4 02 7c e0 03 1f f8 c0 07 3e f0 81 0f 7c 98
587770043,100150,0xEE,0x18,0x16,0,,,0x98,0x98,1,ee 18 16 e0 c3 5e 2b b0 d7 8a 56 b4 02 7c e0 03 1f f8 c0 07 3e f0 81 0f 7c 98
587770169,126,0xEE,0x18,0x16,0,,,0xE4,0xE4,1,ee 18 16 e0 c3 5e 2b b2 d7 8a 56 b4 02 7c e0 03 1f f8 c0 07 3e f0 81 0f 7c e4
587770214,45,0xEE,0x18,0x16,0,,,0x66,0x66,1,ee 18 16 df c3 5e 2b b2 d7 8a 56 b4 02 7c e0 03 1f f8 c0 07 3e f0 81 0f 7c 66
587770257,43,0xEE,0x18,0x16,0,,,0xE4,0xE4,1,ee 18 16 e0 c3 5e 2b b2 d7 8a 56 b4 02 7c e0 03 1f f8 c0 07 3e f0 81 0f 7c e4
587770297,40,0xEE,0x18,0x16,0,,,0xE4,0xE4,1,ee 18 16 e0 c3 5e 2b b2 d7 8a 56 b4 02 7c e0 03 1f f8 c0 07 3e f0 81 0f 7c e4
587870502,100205,0xEE,0x18,0x16,0,,,0xB5,0xB5,1,ee 18 16 e0 d3 5e 2b b2 d7 8a 56 b4 02 7c e0 03 1f f8 c0 07 3e f0 81 0f 7c b5
587870622,120,0xEE,0x18,0x16,0,,,0xE4,0xE4,1,ee 18 16 e0 c3 5e 2b b2 d7 8a 56 b4 02 7c e0 03 1f f8 c0 07 3e f0 81 0f 7c e4
587870671,49,0xEE,0x10,0x00,0,,,0x2B,0x75,0,ee 10 00 03 0d 40 00 00 00 46 89 ee 18 16 e0 c3 5e 2b
587870708,37,0xEE,0x18,0x16,0,,,0x98,0x98,1,ee 18 16 e0 c3 5e 2b b0 d7 8a 56 b4 02 7c e0 03 1f f8 c0 07 3e f0 81 0f 7c 98
587970845,100137,0xEE,0x18,0x16,0,,,0x73,0x73,1,ee 18 16 e0 c3 5e 2b ae d7 8a 56 b4 02 7c e0 03 1f f8 c0 07 3e f0 81 0f 7c 73
587970970,125,0xEE,0x18,0x16,0,,,0x98,0x98,1,ee 18 16 e0 c3 5e 2b b0 d7 8a 56 b4 02 7c e0 03 1f f8 c0 07 3e f0 81 0f 7c 98
587971017,47,0xEE,0x18,0x16,0,,,0xE4,0xE4,1,ee 18 16 e0 c3 5e 2b b2 d7 8a 56 b4 02 7c e0 03 1f f8 c0 07 3e f0 81 0f 7c e4
587971058,41,0xEE,0x18,0x16,0,,,0xE4,0xE4,1,ee 18 16 e0 c3 5e 2b b2 d7 8a 56 b4 02 7c e0 03 1f f8 c0 07 3e f0 81 0f 7c e4
587971097,39,0xEE,0x18,0x16,0,,,0xE4,0xE4,1,ee 18 16 e0 c3 5e 2b b2 d7 8a 56 b4 02 7c e0 03 1f f8 c0 07 3e f0 81 0f 7c e4
587971139,42,0xEE,0x18,0x16,0,,,0xE4,0xE4,1,ee 18 16 e0 c3 5e 2b b2 d7 8a 56 b4 02 7c e0 03 1f f8 c0 07 3e f0 81 0f 7c e4
588071276,100137,0xEE,0x18,0x16,0,,,0xE4,0xE4,1,ee 18 16 e0 c3 5e 2b b2 d7 8a 56 b4 02 7c e0 03 1f f8 c0 07 3e f0 81 0f 7c e4
588071407,131,0xEE,0x18,0x16,0,,,0xE4,0xE4,1,ee 18 16 e0 c3 5e 2b b2 d7 8a 56 b4 02 7c e0 03 1f f8 c0 07 3e f0 81 0f 7c e4
588071456,49,0xEE,0x10,0x00,0,,,0x2B,0x75,0,ee 10 00 03 0d 40 00 00 00 6e 04 ee 18 16 e0 c3 5e 2b
588071492,36,0xEE,0x18,0x16,0,,,0xE4,0xE4,1,ee 18 16 e0 c3 5e 2b b2 d7 8a 56 b4 02 7c e0 03 1f f8 c0 07 3e f0 81 0f 7c e4
588071533,41,0xEE,0x18,0x16,0,,,0xE4,0xE4,1,ee 18 16 e0 c3 5e 2b b2 d7 8a 56 b4 02 7c e0 03 1f f8 c0 07 3e f0 81 0f 7c e4
588171687,100154,0xEE,0x18,0x16,0,,,0xE4,0xE4,1,ee 18 16 e0 c3 5e 2b b2 d7 8a 56 b4 02 7c e0 03 1f f8 c0 07 3e f0 81 0f 7c e4
588171819,132,0xEE,0x18,0x16,0,,,0x98,0x98,1,ee 18 16 e0 c3 5e 2b b0 d7 8a 56 b4 02 7c e0 03 1f f8 c0 07 3e f0 81 0f 7c 98
588171869,50,0xEE,0x18,0x16,0,,,0xE4,0xE4,1,ee 18 16 e0 c3 5e 2b b2 d7 8a 56 b4 02 7c e0 03 1f f8 c0 07 3e f0 81 0f 7c e4
588171911,42,0xEE,0x18,0x16,0,,,0xE4,0xE4,1,ee 18 16 e0 c3 5e 2b b2 d7 8a 56 b4 02 7c e0 03 1f f8 c0 07 3e f0 81 0f 7c e4
588171954,43,0xEE,0x18,0x16,0,,,0x66,0x66,1,ee 18 16 df c3 5e 2b b2 d7 8a 56 b4 02 7c e0 03 1f f8 c0 07 3e f0 81 0f 7c 66
588274552,102598,0xEE,0x18,0x16,0,,,0x98,0x98,1,ee 18 16 e0 c3 5e 2b b0 d7 8a 56 b4 02 7c e0 03 1f f8 c0 07 3e f0 81 0f 7c 98
588274661,109,0xEE,0x18,0x16,0,,,0xB5,0xB5,1,ee 18 16 e0 d3 5e 2b b2 d7 8a 56 b4 02 7c e0 03 1f f8 c0 07 3e f0 81 0f 7c b5
588274745,84,0xEE,0x10,0x00,0,,,0x2B,0x75,0,ee 10 00 03 0d 40 00 00 00 dc 62 ee 18 16 e0 c3 5e 2b
588274780,35,0xEE,0x18,0x16,0,,,0x98,0x98,1,ee 18 16 e0 c3 5e 2b b0 d7 8a 56 b4 02 7c e0 03 1f f8 c0 07 3e f0 81 0f 7c 98
588374935,100155,0xEE,0x18,0x16,0,,,0xE4,0xE4,1,ee 18 16 e0 c3 5e 2b b2 d7 8a 56 b4 02 7c e0 03 1f f8 c0 07 3e f0 81 0f 7c e4
588375054,119,0xEE,0x18,0x16,0,,,0xE4,0xE4,1,ee 18 16 e0 c3 5e 2b b2 d7 8a 56 b4 02 7c e0 03 1f f8 c0 07 3e f0 81 0f 7c e4
588375099,45,0xEE,0x18,0x16,0,,,0xE4,0xE4,1,ee 18 16 e0 c3 5e 2b b2 d7 8a 56 b4 02 7c e0 03 1f f8 c0 07 3e f0 81 0f 7c e4
588375145,46,0xEE,0x18,0x16,0,,,0xE4,0xE4,1,ee 18 16 e0 c3 5e 2b b2 d7 8a 56 b4 02 7c e0 03 1f f8 c0 07 3e f0 81 0f 7c e4
588375186,41,0xEE,0x18,0x16,0,,,0xE4,0xE4,1,ee 18 16 e0 c3 5e 2b b2 d7 8a 56 b4 02 7c e0 03 1f f8 c0 07 3e f0 81 0f 7c e4
588375227,41,0xEE,0x18,0x16,0,,,0x98,0x98,1,ee 18 16 e0 c3 5e 2b b0 d7 8a 56 b4 02 7c e0 03 1f f8 c0 07 3e f0 81 0f 7c 98
588475825,100598,0xEE,0x18,0x16,0,,,0x98,0x98,1,ee 18 16 e0 c3 5e 2b b0 d7 8a 56 b4 02 7c e0 03 1f f8 c0 07 3e f0 81 0f 7c 98
588476041,216,0xEE,0x18,0x16,0,,,0xE4,0xE4,1,ee 18 16 e0 c3 5e 2b b2 d7 8a 56 b4 02 7c e0 03 1f f8 c0 07 3e f0 81 0f 7c e4
588476115,74,0xEE,0x10,0x00,0,,,0x2B,0x75,0,ee 10 00 03 0d 40 00 00 00 f0 11 ee 18 16 e0 c3 5e 2b
588476165,50,0xEE,0x18,0x16,0,,,0x98,0x98,1,ee 18 16 e0 c3 5e 2b b0 d7 8a 56 b4 02 7c e0 03 1f f8 c0 07 3e f0 81 0f 7c 98
588476218,53,0xEE,0x18,0x16,0,,,0xE4,0xE4,1,ee 18 16 e0 c3 5e 2b b2 d7 8a 56 b4 02 7c e0 03 1f f8 c0 07 3e f0 81 0f 7c e4
588577111,100893,0xEE,0x18,0x16,0,,,0xE4,0xE4,1,ee 18 16 e0 c3 5e 2b b2 d7 8a 56 b4 02 7c e0 03 1f f8 c0 07 3e f0 81 0f 7c e4
588577216,105,0xEE,0x18,0x16,0,,,0x98,0x98,1,ee 18 16 e0 c3 5e 2b b0 d7 8a 56 b4 02 7c e0 03 1f f8 c0 07 3e f0 81 0f 7c 98
588577260,44,0xEE,0x18,0x16,0,,,0xB5,0xB5,1,ee 18 16 e0 d3 5e 2b b2 d7 8a 56 b4 02 7c e0 03 1f f8 c0 07 3e f0 81 0f 7c b5
588577301,41,0xEE,0x18,0x16,0,,,0xE4,0xE4,1,ee 18 16 e0 c3 5e 2b b2 d7 8a 56 b4 02 7c e0 03 1f f8 c0 07 3e f0 81 0f 7c e4
588577340,39,0xEE,0x18,0x16,0,,,0xB5,0xB5,1,ee 18 16 e0 d3 5e 2b b2 d7 8a 56 b4 02 7c e0 03 1f f8 c0 07 3e f0 81 0f 7c b5
588677745,100405,0xEE,0x18,0x16,0,,,0xE4,0xE4,1,ee 18 16 e0 c3 5e 2b b2 d7 8a 56 b4 02 7c e0 03 1f f8 c0 07 3e f0 81 0f 7c e4
588677937,192,0xEE,0x18,0x16,0,,,0xE4,0xE4,1,ee 18 16 e0 c3 5e 2b b2 d7 8a 56 b4 02 7c e0 03 1f f8 c0 07 3e f0 81 0f 7c e4
588677986,49,0xEE,0x10,0x00,0,,,0x2B,0x75,0,ee 10 00 03 0d 40 00 00 00 8c ad ee 18 16 e0 c3 5e 2b
588678022,36,0xEE,0x18,0x16,0,,,0x44,0x44,1,ee 18 16 e0 bb 5e 2b b2 d7 8a 56 b4 02 7c e0 03 1f f8 c0 07 3e f0 81 0f 7c 44
588678065,43,0xEE,0x18,0x16,0,,,0xE4,0xE4,1,ee 18 16 e0 c3 5e 2b b2 d7 8a 56 b4 02 7c e0 03 1f f8 c0 07 3e f0 81 0f 7c e4
588778223,100158,0xEE,0x18,0x16,0,,,0x66,0x66,1,ee 18 16 df c3 5e 2b b2 d7 8a 56 b4 02 7c e0 03 1f f8 c0 07 3e f0 81 0f 7c 66
588778329,106,0xEE,0x18,0x16,0,,,0x98,0x98,1,ee 18 16 e0 c3 5e 2b b0 d7 8a 56 b4 02 7c e0 03 1f f8 c0 07 3e f0 81 0f 7c 98
588778374,45,0xEE,0x18,0x16,0,,,0xE4,0xE4,1,ee 18 16 e0 c3 5e 2b b2 d7 8a 56 b4 02 7c e0 03 1f f8 c0 07 3e f0 81 0f 7c e4
588778413,39,0xEE,0x18,0x16,0,,,0xE4,0xE4,1,ee 18 16 e0 c3 5e 2b b2 d7 8a 56 b4 02 7c e0 03 1f f8 c0 07 3e f0 81 0f 7c e4
588778452,39,0xEE,0x18,0x16,0,,,0xE4,0xE4,1,ee 18 16 e0 c3 5e 2b b2 d7 8a 56 b4 02 7c e0 03 1f f8 c0 07 3e f0 81 0f 7c e4
588878596,100144,0xEE,0x18,0x16,0,,,0xE4,0xE4,1,ee 18 16 e0 c3 5e 2b b2 d7 8a 56 b4 02 7c e0 03 1f f8 c0 07 3e f0 81 0f 7c e4
588878704,108,0xEE,0x18,0x16,0,,,0xE4,0xE4,1,ee 18 16 e0 c3 5e 2b b2 d7 8a 56 b4 02 7c e0 03 1f f8 c0 07 3e f0 81 0f 7c e4
588878750,46,0xEE,0x10,0x00,0,,,0x2B,0xC5,0,ee 10 00 03 0d 40 00 00 00 e6 c2 ee 18 16 e0 d3 5e 2b
588878786,36,0xEE,0x18,0x16,0,,,0xE4,0xE4,1,ee 18 16 e0 c3 5e 2b b2 d7 8a 56 b4 02 7c e0 03 1f f8 c0 07 3e f0 81 0f 7c e4
588878827,41,0xEE,0x18,0x16,0,,,0xE4,0xE4,1,ee 18 16 e0 c3 5e 2b b2 d7 8a 56 b4 02 7c e0 03 1f f8 c0 07 3e f0 81 0f 7c e4
588979011,100184,0xEE,0x18,0x16,0,,,0xE4,0xE4,1,ee 18 16 e0 c3 5e 2b b2 d7 8a 56 b4 02 7c e0 03 1f f8 c0 07 3e f0 81 0f 7c e4
588979144,133,0xEE,0x18,0x16,0,,,0xE4,0xE4,1,ee 18 16 e0 c3 5e 2b b2 d7 8a 56 b4 02 7c e0 03 1f f8 c0 07 3e f0 81 0f 7c e4
588979201,57,0xEE,0x18,0x16,0,,,0xE4,0xE4,1,ee 18 16 e0 c3 5e 2b b2 d7 8a 56 b4 02 7c e0 03 1f f8 c0 07 3e f0 81 0f 7c e4
588979247,46,0xEE,0x18,0x16,0,,,0xE4,0xE4,1,ee 18 16 e0 c3 5e 2b b2 d7 8a 56 b4 02 7c e0 03 1f f8 c0 07 3e f0 81 0f 7c e4
588979289,42,0xEE,0x18,0x16,0,,,0x60,0x60,1,ee 18 16 e0 c3 5e 2b b4 d7 8a 56 b4 02 7c e0 03 1f f8 c0 07 3e f0 81 0f 7c 60
589079446,100157,0xEE,0x18,0x16,0,,,0x73,0x73,1,ee 18 16 e0 c3 5e 2b ae d7 8a 56 b4 02 7c e0 03 1f f8 c0 07 3e f0 81 0f 7c 73
589079571,125,0xEE,0x18,0x16,0,,,0xB5,0xB5,1,ee 18 16 e0 d3 5e 2b b2 d7 8a 56 b4 02 7c e0 03 1f f8 c0 07 3e f0 81 0f 7c b5
589079621,50,0xEE,0x10,0x00,0,,,0x2B,0x75,0,ee 10 00 03 0d 40 00 00 00 46 89 ee 18 16 e0 c3 5e 2b
589079656,35,0xEE,0x18,0x16,0,,,0x60,0x60,1,ee 18 16 e0 c3 5e 2b b4 d7 8a 56 b4 02 7c e0 03 1f f8 c0 07 3e f0 81 0f 7c 60
589079699,43,0xEE,0x18,0x16,0,,,0xE4,0xE4,1,ee 18 16 e0 c3 5e 2b b2 d7 8a 56 b4 02 7c e0 03 1f f8 c0 07 3e f0 81 0f 7c e4
589179854,100155,0xEE,0x18,0x16,0,,,0xB5,0xB5,1,ee 18 16 e0 d3 5e 2b b2 d7 8a 56 b4 02 7c e0 03 1f f8 c0 07 3e f0 81 0f 7c b5
589179963,109,0xEE,0x18,0x16,0,,,0xE4,0xE4,1,ee 18 16 e0 c3 5e 2b b2 d7 8a 56 b4 02 7c e0 03 1f f8 c0 07 3e f0 81 0f 7c e4
589180028,65,0xEE,0x18,0x16,0,,,0xE4,0xE4,1,ee 18 16 e0 c3 5e 2b b2 d7 8a 56 b4 02 7c e0 03 1f f8 c0 07 3e f0 81 0f 7c e4
589180071,43,0xEE,0x18,0x16,0,,,0x66,0x66,1,ee 18 16 df c3 5e 2b b2 d7 8a 56 b4 02 7c e0 03 1f f8 c0 07 3e f0 81 0f 7c 66
589180113,42,0xEE,0x18,0x16,0,,,0x73,0x73,1,ee 18 16 e0 c3 5e 2b ae d7 8a 56 b4 02 7c e0 03 1f f8 c0 07 3e f0 81 0f 7c 73
589280275,100162,0xEE,0x18,0x16,0,,,0x73,0x73,1,ee 18 16 e0 c3 5e 2b ae d7 8a 56 b4 02 7c e0 03 1f f8 c0 07 3e f0 81 0f 7c 73
589280381,106,0xEE,0x18,0x16,0,,,0xE4,0xE4,1,ee 18 16 e0 c3 5e 2b b2 d7 8a 56 b4 02 7c e0 03 1f f8 c0 07 3e f0 81 0f 7c e4
589280427,46,0xEE,0x10,0x00,0,,,0x2B,0x75,0,ee 10 00 03 0d 40 00 00 00 6e 04 ee 18 16 e0 c3 5e 2b
589280462,35,0xEE,0x18,0x16,0,,,0x60,0x60,1,ee 18 16 e0 c3 5e 2b b4 d7 8a 56 b4 02 7c e0 03 1f f8 c0 07 3e f0 81 0f 7c 60
589280503,41,0xEE,0x18,0x16,0,,,0x98,0x98,1,ee 18 16 e0 c3 5e 2b b0 d7 8a 56 b4 02 7c e0 03 1f f8 c0 07 3e f0 81 0f 7c 98
589380668,100165,0xEE,0x18,0x16,0,,,0x60,0x60,1,ee 18 16 e0 c3 5e 2b b4 d7 8a 56 b4 02 7c e0 03 1f f8 c0 07 3e f0 81 0f 7c 60
589380781,113,0xEE,0x18,0x16,0,,,0xE4,0xE4,1,ee 18 16 e0 c3 5e 2b b2 d7 8a 56 b4 02 7c e0 03 1f f8 c0 07 3e f0 81 0f 7c e4
589380828,47,0xEE,0x18,0x16,0,,,0xE4,0xE4,1,ee 18 16 e0 c3 5e 2b b2 d7 8a 56 b4 02 7c e0 03 1f f8 c0 07 3e f0 81 0f 7c e4
589380870,42,0xEE,0x18,0x16,0,,,0xE4,0xE4,1,ee 18 16 e0 c3 5e 2b b2 d7 8a 56 b4 02 7c e0 03 1f f8 c0 07 3e f0 81 0f 7c e4
589380911,41,0xEE,0x18,0x16,0,,,0xE4,0xE4,1,ee 18 16 e0 c3 5e 2b b2 d7 8a 56 b4 02 7c e0 03 1f f8 c0 07 3e f0 81 0f 7c e4
589481122,100211,0xEE,0x18,0x16,0,,,0xE4,0xE4,1,ee 18 16 e0 c3 5e 2b b2 d7 8a 56 b4 02 7c e0 03 1f f8 c0 07 3e f0 81 0f 7c e4
589481244,122,0xEE,0x18,0x16,0,,,0xC9,0xC9,1,ee 18 16 e0 d3 5e 2b b0 d7 8a 56 b4 02 7c e0 03 1f f8 c0 07 3e f0 81 0f 7c c9
589481294,50,0xEE,0x10,0x00,0,,,0x2B,0x75,0,ee 10 00 03 0d 40 00 00 00 aa 88 ee 18 16 e0 c3 5e 2b
589481330,36,0xEE,0x18,0x16,0,,,0xE4,0xE4,1,ee 18 16 e0 c3 5e 2b b2 d7 8a 56 b4 02 7c e0 03 1f f8 c0 07 3e f0 81 0f 7c e4
589481372,42,0xEE,0x18,0x16,0,,,0xE4,0xE4,1,ee 18 16 e0 c3 5e 2b b2 d7 8a 56 b4 02 7c e0 03 1f f8 c0 07 3e f0 81 0f 7c e4
589581523,100151,0xEE,0x18,0x16,0,,,0xE4,0xE4,1,ee 18 16 e0 c3 5e 2b b2 d7 8a 56 b4 02 7c e0 03 1f f8 c0 07 3e f0 81 0f 7c e4
589581625,102,0xEE,0x18,0x16,0,,,0xE4,0xE4,1,ee 18 16 e0 c3 5e 2b b2 d7 8a 56 b4 02 7c e0 03 1f f8 c0 07 3e f0 81 0f 7c e4
589581668,43,0xEE,0x18,0x16,0,,,0x98,0x98,1,ee 18 16 e0 c3 5e 2b b0 d7 8a 56 b4 02 7c e0 03 1f f8 c0 07 3e f0 81 0f 7c 98
589581709,41,0xEE,0x18,0x16,0,,,0x98,0x98,1,ee 18 16 e0 c3 5e 2b b0 d7 8a 56 b4 02 7c e0 03 1f f8 c0 07 3e f0 81 0f 7c 98
589581748,39,0xEE,0x18,0x16,0,,,0x73,0x73,1,ee 18 16 e0 c3 5e 2b ae d7 8a 56 b4 02 7c e0 03 1f f8 c0 07 3e f0 81 0f 7c 73
589681914,100166,0xEE,0x18,0x16,0,,,0x73,0x73,1,ee 18 16 e0 c3 5e 2b ae d7 8a 56 b4 02 7c e0 03 1f f8 c0 07 3e f0 81 0f 7c 73
589682024,110,0xEE,0x18,0x16,0,,,0xE4,0xE4,1,ee 18 16 e0 c3 5e 2b b2 d7 8a 56 b4 02 7c e0 03 1f f8 c0 07 3e f0 81 0f 7c e4
589682070,46,0xEE,0x10,0x00,0,,,0x2B,0x9B,0,ee 10 00 03 0d 40 00 00 00 aa 88 ee 18 16 df c3 5e 2b
589682107,37,0xEE,0x18,0x16,0,,,0xE4,0xE4,1,ee 18 16 e0 c3 5e 2b b2 d7 8a 56 b4 02 7c e0 03 1f f8 c0 07 3e f0 81 0f 7c e4
589682148,41,0xEE,0x18,0x16,0,,,0xE4,0xE4,1,ee 18 16 e0 c3 5e 2b b2 d7 8a 56 b4 02 7c e0 03 1f f8 c0 07 3e f0 81 0f 7c e4
589782300,100152,0xEE,0x18,0x16,0,,,0xE4,0xE4,1,ee 18 16 e0 c3 5e 2b b2 d7 8a 56 b4 02 7c e0 03 1f f8 c0 07 3e f0 81 0f 7c e4
589782404,104,0xEE,0x18,0x16,0,,,0x44,0x44,1,ee 18 16 e0 bb 5e 2b b2 d7 8a 56 b4 02 7c e0 03 1f f8 c0 07 3e f0 81 0f 7c 44
589782452,48,0xEE,0x18,0x16,0,,,0x98,0x98,1,ee 18 16 e0 c3 5e 2b b0 d7 8a 56 b4 02 7c e0 03 1f f8 c0 07 3e f0 81 0f 7c 98
589782493,41,0xEE,0x18,0x16,0,,,0x98,0x98,1,ee 18 16 e0 c3 5e 2b b0 d7 8a 56 b4 02 7c e0 03 1f f8 c0 07 3e f0 81 0f 7c 98
589782534,41,0xEE,0x18,0x16,0,,,0xE4,0xE4,1,ee 18 16 e0 c3 5e 2b b2 d7 8a 56 b4 02 7c e0 03 1f f8 c0 07 3e f0 81 0f 7c e4
589882693,100159,0xEE,0x18,0x16,0,,,0xE4,0xE4,1,ee 18 16 e0 c3 5e 2b b2 d7 8a 56 b4 02 7c e0 03 1f f8 c0 07 3e f0 81 0f 7c e4
589882806,113,0xEE,0x18,0x16,0,,,0x98,0x98,1,ee 18 16 e0 c3 5e 2b b0 d7 8a 56 b4 02 7c e0 03 1f f8 c0 07 3e f0 81 0f 7c 98
589882855,49,0xEE,0x10,0x00,0,,,0x2B,0x75,0,ee 10 00 03 0d 40 00 00 01 18 e5 ee 18 16 e0 c3 5e 2b
589882893,38,0xEE,0x18,0x16,0,,,0xE4,0xE4,1,ee 18 16 e0 c3 5e 2b b2 d7 8a 56 b4 02 7c e0 03 1f f8 c0 07 3e f0 81 0f 7c e4
589882937,44,0xEE,0x18,0x16,0,,,0xE4,0xE4,1,ee 18 16 e0 c3 5e 2b b2 d7 8a 56 b4 02 7c e0 03 1f f8 c0 07 3e f0 81 0f 7c e4
589983161,100224,0xEE,0x18,0x16,0,,,0xE4,0xE4,1,ee 18 16 e0 c3 5e 2b b2 d7 8a 56 b4 02 7c e0 03 1f f8 c0 07 3e f0 81 0f 7c e4
589983385,224,0xEE,0x18,0x16,0,,,0xE4,0xE4,1,ee 18 16 e0 c3 5e 2b b2 d7 8a 56 b4 02 7c e0 03 1f f8 c0 07 3e f0 81 0f 7c e4
589983499,114,0xEE,0x18,0x16,0,,,0x66,0x66,1,ee 18 16 df c3 5e 2b b2 d7 8a 56 b4 02 7c e0 03 1f f8 c0 07 3e f0 81 0f 7c 66
589983582,83,0xEE,0x18,0x16,0,,,0xC9,0xC9,1,ee 18 16 e0 d3 5e 2b b0 d7 8a 56 b4 02 7c e0 03 1f f8 c0 07 3e f0 81 0f 7c c9
589983692,110,0xEE,0x18,0x16,0,,,0xE4,0xE4,1,ee 18 16 e0 c3 5e 2b b2 d7 8a 56 b4 02 7c e0 03 1f f8 c0 07 3e f0 81 0f 7c e4
590083875,100183,0xEE,0x18,0x16,0,,,0x98,0x98,1,ee 18 16 e0 c3 5e 2b b0 d7 8a 56 b4 02 7c e0 03 1f f8 c0 07 3e f0 81 0f 7c 98
590083980,105,0xEE,0x18,0x16,0,,,0xE4,0xE4,1,ee 18 16 e0 c3 5e 2b b2 d7 8a 56 b4 02 7c e0 03 1f f8 c0 07 3e f0 81 0f 7c e4
590084045,65,0xEE,0x10,0x00,0,,,0x2B,0x75,0,ee 10 00 03 0d 40 00 00 00 6e 04 ee 18 16 e0 c3 5e 2b
590084082,37,0xEE,0x18,0x16,0,,,0xE4,0xE4,1,ee 18 16 e0 c3 5e 2b b2 d7 8a 56 b4 02 7c e0 03 1f f8 c0 07 3e f0 81 0f 7c e4
590084123,41,0xEE,0x18,0x16,0,,,0x60,0x60,1,ee 18 16 e0 c3 5e 2b b4 d7 8a 56 b4 02 7c e0 03 1f f8 c0 07 3e f0 81 0f 7c 60
590084164,41,0xEE,0x18,0x16,0,,,0xE4,0xE4,1,ee 18 16 e0 c3 5e 2b b2 d7 8a 56 b4 02 7c e0 03 1f f8 c0 07 3e f0 81 0f 7c e4
590184319,100155,0xEE,0x18,0x16,0,,,0xE4,0xE4,1,ee 18 16 e0 c3 5e 2b b2 d7 8a 56 b4 02 7c e0 03 1f f8 c0 07 3e f0 81 0f 7c e4
590184422,103,0xEE,0x18,0x16,0,,,0x60,0x60,1,ee 18 16 e0 c3 5e 2b b4 d7 8a 56 b4 02 7c e0 03 1f f8 c0 07 3e f0 81 0f 7c 60
590184465,43,0xEE,0x18,0x16,0,,,0xE4,0xE4,1,ee 18 16 e0 c3 5e 2b b2 d7 8a 56 b4 02 7c e0 03 1f f8 c0 07 3e f0 81 0f 7c e4
590184504,39,0xEE,0x18,0x16,0,,,0x98,0x98,1,ee 18 16 e0 c3 5e 2b b0 d7 8a 56 b4 02 7c e0 03 1f f8 c0 07 3e f0 81 0f 7c 98
